date,start_time,round,dayofweek,venue,result,goals_for,goals_against,opponent,passes_completed_x,passes_x,passes_pct,passes_total_distance,passes_progressive_distance,passes_completed_short,passes_short,passes_pct_short,passes_completed_medium,passes_medium,passes_pct_medium,passes_completed_long,passes_long,passes_pct_long,assists,xg_assist,pass_xa,assisted_shots,passes_into_final_third,passes_into_penalty_area,crosses_into_penalty_area,progressive_passes,goals,shots,shots_on_target,shots_on_target_pct,goals_per_shot,goals_per_shot_on_target,average_shot_distance,shots_free_kicks,pens_made,pens_att,xg,npxg,npxg_per_shot,xg_net,npxg_net,passes_y,passes_live,passes_dead,passes_free_kicks,through_balls,passes_switches,crosses_x,throw_ins,corner_kicks,corner_kicks_in,corner_kicks_out,corner_kicks_straight,passes_completed_y,passes_offsides,passes_blocked,sca,sca_passes_live,sca_passes_dead,sca_take_ons,sca_shots,sca_fouled,sca_defense,gca,gca_passes_live,gca_passes_dead,gca_take_ons,gca_shots,gca_fouled,gca_defense,tackles,tackles_won_x,tackles_def_3rd,tackles_mid_3rd,tackles_att_3rd,challenge_tackles,challenges,challenge_tackles_pct,challenges_lost,blocks,blocked_shots,blocked_passes,interceptions_x,tackles_interceptions,clearances,errors,possession,touches,touches_def_pen_area,touches_def_3rd,touches_mid_3rd,touches_att_3rd,touches_att_pen_area,touches_live_ball,take_ons,take_ons_won,take_ons_won_pct,take_ons_tackled,take_ons_tackled_pct,carries,carries_distance,carries_progressive_distance,progressive_carries,carries_into_final_third,carries_into_penalty_area,miscontrols,dispossessed,passes_received,progressive_passes_received,cards_yellow,cards_red,cards_yellow_red,fouls,fouled,offsides,crosses_y,interceptions_y,tackles_won_y,pens_won,pens_conceded,own_goals,ball_recoveries,aerials_won,aerials_lost,aerials_won_pct,season
2020-09-12,12:30,Matchweek 1,Sat,Home,L,0,3,Fulham,485,562,86.3,8521,2697,224,241,92.9,202,223,90.6,50,76,65.8,0,0.1,0.2,3,35,2,2,27,0,5,2,40.0,0.0,0.0,25.1,0,0,0,0.1,0.1,0.03,-0.1,-0.1,562,517,43,13,0,2,15,20,2,0,2,0,485,2,4,8,7,0,0,0,1,0,0,0,0,0,0,0,0,11,7,5,4,2,3,9,33.3,6,9,4,5,10,21,11,1,46,638,72,221,290,133,3,638,12,6,50.0,6,50.0,391,1686,741,10,11,1,18,6,483,27,2,0,0,12,11,2,15,10,7,0,0,0,46,8,5,61.5,2020
2020-09-19,20:00,Matchweek 2,Sat,Away,L,1,2,West Ham,340,434,78.3,5740,2013,181,204,88.7,115,140,82.1,37,64,57.8,1,1.5,0.8,9,21,5,4,25,1,14,2,14.3,0.07,0.5,18.1,1,0,0,2.0,2.0,0.15,-1.0,-1.0,434,385,47,15,0,2,27,19,5,3,2,0,340,2,7,24,14,3,2,3,1,1,2,2,0,0,0,0,0,10,5,6,3,1,4,12,33.3,8,16,3,13,10,20,28,0,38,540,68,178,238,129,19,540,11,5,45.5,6,54.5,318,1527,810,19,14,2,12,2,339,25,1,0,0,13,11,2,27,10,5,0,0,0,34,14,16,46.7,2020
2020-09-28,20:00,Matchweek 3,Mon,Home,W,3,1,Liverpool,712,823,86.5,11958,3726,332,356,93.3,300,339,88.5,57,88,64.8,1,1.7,0.8,15,49,12,2,46,3,21,8,38.1,0.14,0.38,17.9,0,0,0,2.7,2.7,0.13,0.3,0.3,823,771,52,12,1,1,22,28,7,1,5,0,712,0,8,38,30,2,3,2,0,1,5,4,0,0,1,0,0,10,6,2,7,1,3,8,37.5,5,10,0,10,6,16,14,1,66,920,50,185,521,218,32,920,12,8,66.7,4,33.3,646,2478,1048,22,15,8,17,7,707,44,2,0,0,11,7,0,22,6,6,0,0,0,51,6,11,35.3,2020
2020-10-04,14:00,Matchweek 4,Sun,Away,L,1,2,Sheffield Utd,313,414,75.6,4801,1593,168,191,88.0,98,119,82.4,25,60,41.7,1,0.1,0.3,4,20,4,1,30,1,6,2,33.3,0.17,0.5,24.7,0,0,0,0.2,0.2,0.03,0.8,0.8,414,380,31,3,0,4,18,16,4,4,0,0,313,3,12,9,8,1,0,0,0,0,1,1,0,0,0,0,0,11,4,8,1,2,6,18,33.3,12,12,1,11,5,16,23,1,36,507,56,137,219,157,15,507,10,7,70.0,3,30.0,234,1418,679,14,14,1,11,5,311,30,1,0,0,9,3,3,18,5,4,0,0,0,41,14,17,45.2,2020
2020-10-17,17:30,Matchweek 5,Sat,Home,W,1,0,Manchester City,604,689,87.7,8937,2702,351,372,94.4,188,202,93.1,36,66,54.5,0,0.9,0.7,11,38,9,1,32,1,13,5,38.5,0.08,0.2,17.7,0,0,0,1.3,1.3,0.11,-0.3,-0.3,689,647,42,12,0,2,10,13,6,2,1,0,604,0,10,24,22,0,0,2,0,0,1,0,0,0,1,0,0,11,5,4,4,3,5,14,35.7,9,7,3,4,8,19,8,0,58,771,66,169,403,204,24,771,18,10,55.6,8,44.4,550,2261,1104,21,23,7,11,5,601,32,4,0,0,15,10,0,10,8,5,0,0,0,47,15,12,55.6,2020
2020-10-25,19:15,Matchweek 6,Sun,Away,W,1,0,Leicester City,390,481,81.1,6419,2149,196,213,92.0,126,147,85.7,41,71,57.7,1,0.6,0.6,3,14,2,0,20,1,6,2,33.3,0.17,0.5,29.5,1,0,0,0.7,0.7,0.12,0.3,0.3,481,442,39,13,1,2,5,15,3,0,1,0,390,0,7,10,7,0,0,0,1,2,2,2,0,0,0,0,0,11,6,4,6,1,6,8,75.0,2,12,3,9,10,21,24,0,44,579,76,198,282,106,7,579,13,7,53.8,6,46.2,304,1453,691,13,9,4,11,9,386,20,5,0,0,9,13,0,5,10,6,0,0,0,43,15,10,60.0,2020
2020-11-01,16:30,Matchweek 7,Sun,Home,L,0,1,Manchester Utd,512,615,83.3,8080,2264,261,283,92.2,202,224,90.2,32,64,50.0,0,0.4,0.7,8,32,7,1,26,0,8,2,25.0,0.0,0.0,19.9,0,0,0,0.4,0.4,0.05,-0.4,-0.4,615,560,51,13,1,1,18,21,6,1,5,0,512,4,6,15,11,2,0,0,1,1,0,0,0,0,0,0,0,10,7,6,3,1,6,12,50.0,6,9,0,9,8,18,12,0,54,700,58,212,339,154,24,700,13,5,38.5,8,61.5,394,2209,1062,14,9,1,11,12,506,26,3,0,0,12,12,4,18,8,7,0,1,0,54,18,9,66.7,2020
2020-11-08,19:15,Matchweek 8,Sun,Away,W,3,0,Aston Villa,312,408,76.5,5769,2256,134,156,85.9,119,137,86.9,44,87,50.6,2,1.7,1.1,14,23,15,1,38,2,15,5,33.3,0.13,0.4,12.7,0,0,0,1.8,1.8,0.12,0.2,0.2,408,365,42,12,0,2,15,11,8,1,2,3,312,1,7,26,22,2,2,0,0,0,4,4,0,0,0,0,0,14,6,4,6,4,7,15,46.7,8,7,3,4,8,22,26,1,41,517,70,155,220,152,33,517,15,12,80.0,3,20.0,247,1352,745,22,20,8,19,4,308,38,0,0,0,13,11,1,15,8,6,0,0,0,49,15,11,57.7,2020
2020-11-22,16:30,Matchweek 9,Sun,Home,D,0,0,Leeds United,544,655,83.1,8754,2498,233,257,90.7,270,314,86.0,26,49,53.1,0,1.4,1.2,16,43,15,3,54,0,25,4,16.0,0.0,0.0,18.0,0,0,0,1.8,1.8,0.07,-1.8,-1.8,655,618,37,10,0,2,27,16,5,1,2,0,544,0,3,44,34,2,1,5,0,2,0,0,0,0,0,0,0,18,8,6,7,5,6,20,30.0,14,4,1,3,9,27,15,0,66,752,45,165,351,242,36,752,6,4,66.7,2,33.3,468,2798,1732,39,30,3,7,8,539,54,3,0,0,9,8,0,27,9,8,0,0,0,67,11,11,50.0,2020
2020-11-29,19:15,Matchweek 10,Sun,Away,W,2,1,Wolves,346,437,79.2,6485,2258,135,159,84.9,138,159,86.8,49,79,62.0,0,1.0,1.2,8,25,5,0,22,2,11,5,45.5,0.18,0.4,12.1,0,0,0,1.8,1.8,0.18,0.2,0.2,437,387,50,15,0,4,11,20,4,3,0,0,346,0,9,20,13,1,3,3,0,0,3,0,0,1,2,0,0,12,4,8,3,1,4,6,66.7,2,11,4,7,12,24,38,1,44,568,95,213,258,103,21,568,13,10,76.9,3,23.1,278,1572,944,20,9,9,19,10,338,22,4,0,0,13,12,0,11,12,4,0,0,0,33,14,16,46.7,2020
2020-12-06,16:30,Matchweek 11,Sun,Home,W,2,0,Tottenham,205,309,66.3,3446,1363,94,119,79.0,87,118,73.7,16,49,32.7,2,0.2,0.1,3,5,0,0,10,2,5,3,60.0,0.4,0.67,23.3,1,0,0,0.3,0.3,0.05,1.7,1.7,309,269,39,10,0,2,6,14,3,3,0,0,205,1,5,10,8,0,1,0,1,0,4,3,0,1,0,0,0,13,7,10,3,0,8,19,42.1,11,7,2,5,5,18,55,0,31,430,93,245,148,42,5,430,11,5,45.5,6,54.5,162,1065,623,13,10,4,12,9,204,10,1,0,0,16,12,1,6,5,7,0,0,0,45,19,19,50.0,2020
2020-12-13,19:15,Matchweek 12,Sun,Away,W,1,0,Burnley,240,344,69.8,4764,1948,106,121,87.6,92,114,80.7,40,93,43.0,0,1.4,0.8,8,18,5,2,18,0,10,2,20.0,0.0,0.0,15.9,0,0,0,1.4,1.4,0.15,-1.4,-1.4,344,309,32,8,0,0,17,14,4,4,0,0,240,3,6,19,12,3,0,2,2,0,0,0,0,0,0,0,0,12,7,5,6,1,5,9,55.6,4,11,6,5,17,29,42,0,35,470,81,172,198,103,16,470,9,4,44.4,5,55.6,264,1216,516,8,9,1,12,7,238,18,1,0,0,11,5,3,17,17,7,0,0,0,51,25,10,71.4,2020
2020-12-16,18:00,Matchweek 13,Wed,Away,D,1,1,Southampton,565,680,83.1,9252,2761,282,312,90.4,222,256,86.7,45,80,56.3,1,1.0,1.2,6,53,11,0,45,1,13,3,23.1,0.08,0.33,23.5,0,0,0,1.2,1.2,0.09,-0.2,-0.2,680,633,46,14,2,5,25,19,7,3,4,0,565,1,11,21,15,1,3,0,2,0,2,2,0,0,0,0,0,11,8,3,5,3,6,14,42.9,8,8,2,6,9,20,15,0,64,765,47,197,369,203,22,765,13,8,61.5,5,38.5,542,2538,1309,18,25,4,11,3,562,45,3,0,0,13,11,1,25,9,8,0,0,0,53,11,17,39.3,2020
2020-12-19,17:30,Matchweek 14,Sat,Home,W,2,1,Everton,347,439,79.0,7006,2309,118,139,84.9,175,192,91.1,46,83,55.4,1,0.4,0.3,5,24,4,2,20,1,9,2,22.2,0.11,0.5,19.7,1,0,0,0.6,0.6,0.07,0.4,0.4,439,394,44,8,0,5,18,17,4,2,1,0,347,1,11,15,9,2,0,3,1,0,2,0,1,0,1,0,0,12,6,10,1,1,4,13,30.8,9,8,4,4,11,23,18,0,43,528,79,188,227,114,12,528,12,7,58.3,5,41.7,290,1701,885,16,9,4,17,4,344,20,1,0,0,9,9,1,18,11,6,0,1,0,43,14,10,58.3,2020
2020-12-26,17:30,Matchweek 15,Sat,Away,L,1,3,Chelsea,452,556,81.3,7943,2791,217,237,91.6,168,198,84.8,50,88,56.8,1,1.6,1.2,14,42,10,4,46,1,18,2,11.1,0.06,0.5,16.8,1,0,1,2.6,1.8,0.1,-1.6,-0.8,556,512,44,12,0,5,34,12,9,1,5,1,452,0,8,33,20,5,4,1,3,0,2,1,0,1,0,0,0,10,3,4,6,0,5,12,41.7,7,13,4,9,14,24,16,1,60,679,67,227,269,185,32,678,21,9,42.9,12,57.1,424,2128,1183,30,14,11,15,4,448,45,1,0,0,10,13,0,34,14,3,1,1,0,48,35,16,68.6,2020
2020-12-29,18:00,Matchweek 16,Tue,Home,L,0,1,Brighton,441,549,80.3,7747,2752,194,213,91.1,171,205,83.4,52,85,61.2,0,0.7,1.4,10,36,10,4,39,0,13,2,15.4,0.0,0.0,13.9,0,0,0,0.8,0.8,0.07,-0.8,-0.8,549,507,42,4,1,2,27,23,5,0,4,0,441,0,12,22,17,2,0,3,0,0,0,0,0,0,0,0,0,17,10,9,6,2,6,11,54.5,5,10,2,8,7,24,8,0,50,624,64,207,266,157,22,624,17,13,76.5,4,23.5,410,2174,1007,14,10,0,4,6,439,39,2,0,0,11,4,0,27,7,10,0,0,0,55,24,11,68.6,2020
2021-01-02,20:00,Matchweek 17,Sat,Home,L,0,4,West Brom,302,421,71.7,5402,2314,145,171,84.8,100,127,78.7,41,85,48.2,0,1.0,0.6,7,33,6,2,31,0,7,3,42.9,0.0,0.0,19.4,0,0,0,1.0,1.0,0.14,-1.0,-1.0,421,376,42,6,1,2,21,18,3,2,0,0,302,3,8,11,9,1,0,0,0,1,0,0,0,0,0,0,0,13,7,5,7,1,6,18,33.3,12,14,3,11,20,33,18,1,39,528,62,145,241,148,12,528,16,10,62.5,6,37.5,200,1192,612,11,11,1,16,8,300,30,1,0,0,7,4,3,21,20,7,0,0,0,51,27,15,64.3,2020
2021-01-14,20:00,Matchweek 18,Thu,Away,D,0,0,Crystal Palace,275,364,75.5,4632,2218,153,170,90.0,98,119,82.4,22,61,36.1,0,0.5,0.5,9,26,4,1,31,0,12,2,16.7,0.0,0.0,18.2,1,0,0,0.8,0.8,0.07,-0.8,-0.8,364,329,34,11,0,1,9,12,3,2,0,1,275,1,9,20,13,2,2,1,2,0,0,0,0,0,0,0,0,14,7,5,9,0,9,27,33.3,18,10,2,8,17,31,24,0,33,485,57,204,189,97,18,485,30,17,56.7,13,43.3,286,1273,591,8,8,5,13,4,275,31,1,0,0,11,11,1,9,17,7,0,0,0,61,14,17,45.2,2020
2021-01-18,20:00,Matchweek 19,Mon,Away,L,0,3,Newcastle Utd,253,353,71.7,5005,2162,101,123,82.1,109,136,80.1,37,69,53.6,0,0.2,0.2,4,23,4,0,18,0,4,1,25.0,0.0,0.0,17.3,0,0,0,0.2,0.2,0.04,-0.2,-0.2,353,306,46,12,0,2,10,16,2,1,0,1,253,1,4,7,5,1,0,0,1,0,0,0,0,0,0,0,0,11,4,7,3,1,4,13,30.8,9,12,3,9,3,14,11,0,34,441,63,191,169,87,7,441,13,9,69.2,4,30.8,269,1419,562,9,4,2,17,3,250,18,0,0,0,8,9,1,10,3,4,0,0,0,40,16,9,64.0,2020
2021-01-26,20:15,Matchweek 20,Tue,Home,L,1,3,Southampton,454,542,83.8,7767,2650,211,233,90.6,214,238,89.9,27,57,47.4,1,0.5,0.6,9,26,8,6,39,1,13,5,38.5,0.08,0.2,17.5,1,0,0,0.8,0.8,0.07,0.2,0.2,542,497,43,7,0,1,19,23,4,0,4,0,454,2,9,23,15,2,1,2,2,1,2,0,1,0,1,0,0,17,11,6,10,1,6,18,33.3,12,9,1,8,12,29,17,0,58,650,64,254,277,128,18,650,19,14,73.7,5,26.3,450,2030,990,19,11,3,20,10,450,39,1,0,0,11,6,2,19,12,11,0,0,0,44,10,11,47.6,2020
2021-01-30,17:30,Matchweek 21,Sat,Away,D,0,0,Manchester Utd,520,620,83.9,8775,2645,257,276,93.1,218,245,89.0,36,65,55.4,0,1.4,1.0,10,43,11,2,43,0,14,3,21.4,0.0,0.0,18.2,1,0,0,1.6,1.6,0.12,-1.6,-1.6,620,566,52,8,0,5,24,25,7,4,2,0,520,2,15,23,18,2,0,2,1,0,0,0,0,0,0,0,0,10,4,4,4,2,3,9,33.3,6,12,6,6,16,26,13,0,57,715,70,215,309,195,29,715,13,6,46.2,7,53.8,353,1927,1114,21,17,4,11,6,518,43,3,0,0,16,9,2,24,16,4,0,0,0,52,12,10,54.5,2020
2021-02-02,18:00,Matchweek 22,Tue,Home,W,2,1,Wolves,548,627,87.4,9676,2637,255,267,95.5,237,260,91.2,52,75,69.3,1,0.7,0.7,10,34,6,2,34,2,10,6,60.0,0.1,0.17,19.4,0,1,1,1.5,0.7,0.07,0.5,0.3,627,583,43,10,2,3,27,18,9,3,1,0,548,1,11,22,16,2,3,0,1,0,4,3,0,0,0,1,0,10,7,6,2,2,3,11,27.3,8,6,4,2,6,16,18,1,55,709,51,186,354,175,19,708,27,18,66.7,9,33.3,375,2604,1362,30,18,6,12,4,546,34,3,0,0,11,7,1,27,6,7,1,0,0,35,11,12,47.8,2020
2021-02-06,12:30,Matchweek 23,Sat,Home,W,1,0,Aston Villa,254,348,73.0,4764,2131,107,126,84.9,93,111,83.8,38,76,50.0,1,1.1,0.7,11,20,7,1,19,1,12,8,66.7,0.08,0.13,16.6,0,0,0,1.2,1.2,0.1,-0.2,-0.2,348,298,49,12,0,2,8,21,3,2,0,0,254,1,7,20,15,0,3,1,0,1,1,1,0,0,0,0,0,18,8,9,8,1,10,15,66.7,5,13,5,8,10,28,33,0,35,477,90,182,172,128,19,477,18,10,55.6,8,44.4,221,1103,501,14,6,7,18,4,253,18,3,0,0,12,11,1,8,10,8,0,0,0,43,24,19,55.8,2020
2021-02-14,16:30,Matchweek 24,Sun,Away,L,2,4,Leeds United,419,540,77.6,7326,2167,170,197,86.3,195,220,88.6,40,92,43.5,2,0.9,0.7,8,34,4,1,38,2,9,5,55.6,0.22,0.4,17.6,0,0,0,0.9,0.9,0.1,1.1,1.1,540,498,42,10,0,2,17,18,5,2,3,0,419,0,9,15,13,1,0,1,0,0,4,2,1,0,1,0,0,10,9,5,4,1,7,14,50.0,7,12,5,7,11,21,10,2,54,634,101,254,259,124,17,634,8,7,87.5,1,12.5,322,1831,858,14,5,5,21,4,414,36,2,0,0,17,8,0,17,11,9,0,1,0,65,14,12,53.8,2020
2021-02-21,16:30,Matchweek 25,Sun,Away,W,1,0,Manchester City,549,626,87.7,9799,2846,245,263,93.2,253,273,92.7,46,74,62.2,1,1.2,0.9,11,50,9,0,45,1,15,3,20.0,0.07,0.33,16.2,0,0,0,1.8,1.8,0.12,-0.8,-0.8,626,584,39,12,3,5,7,14,3,0,0,0,549,3,6,25,19,2,3,1,0,0,2,2,0,0,0,0,0,5,3,2,2,1,4,14,28.6,10,6,3,3,7,12,18,1,55,703,57,160,359,190,33,703,23,19,82.6,4,17.4,461,2551,1545,32,24,14,8,4,540,44,2,0,0,9,11,3,7,7,3,0,0,0,44,9,12,42.9,2020
2021-02-28,12:00,Matchweek 26,Sun,Home,L,1,3,Leicester City,336,437,76.9,5756,2082,142,166,85.5,146,169,86.4,31,67,46.3,0,0.2,0.3,5,30,4,1,26,1,8,3,37.5,0.13,0.33,18.1,0,0,0,0.4,0.4,0.05,0.6,0.6,437,408,29,4,0,1,9,14,2,2,0,0,336,0,6,12,7,0,2,0,0,3,1,0,0,0,0,0,1,21,12,11,8,2,13,22,59.1,9,12,4,8,12,33,14,0,44,540,73,239,229,79,15,540,11,6,54.5,5,45.5,325,1411,667,8,9,2,12,4,329,26,2,0,0,15,3,0,9,12,12,0,1,0,52,14,13,51.9,2020
2021-03-06,12:30,Matchweek 27,Sat,Home,D,1,1,Burnley,322,459,70.2,6107,2437,135,159,84.9,129,165,78.2,49,104,47.1,0,0.4,0.4,4,27,8,1,35,1,9,5,55.6,0.11,0.2,18.2,0,0,0,1.1,1.1,0.12,-0.1,-0.1,459,414,43,14,0,6,16,21,2,1,0,0,322,2,8,12,10,1,1,0,0,0,0,0,0,0,0,0,0,15,11,7,6,2,7,10,70.0,3,18,7,11,11,26,17,1,41,558,53,158,272,132,14,558,7,4,57.1,3,42.9,188,922,335,4,7,3,14,9,321,35,1,0,0,5,10,2,16,11,11,0,0,0,62,26,26,50.0,2020
2021-03-14,16:30,Matchweek 28,Sun,Away,L,1,2,Tottenham,421,520,81.0,8052,2386,172,189,91.0,179,211,84.8,58,92,63.0,1,0.2,0.3,3,16,4,0,27,1,6,3,50.0,0.17,0.33,18.9,2,0,0,0.4,0.4,0.06,0.6,0.6,520,477,42,9,0,6,11,21,3,2,1,0,421,1,6,10,5,2,0,1,2,0,2,2,0,0,0,0,0,18,13,10,8,0,9,18,50.0,9,16,2,14,6,24,28,0,48,626,81,271,272,87,8,626,22,12,54.5,10,45.5,336,1553,676,8,11,1,7,10,417,27,4,1,1,14,12,1,11,6,13,0,1,0,42,23,11,67.6,2020
2021-03-21,15:00,Matchweek 29,Sun,Home,D,3,3,West Ham,281,394,71.3,4798,1842,120,147,81.6,105,132,79.5,32,69,46.4,3,2.1,1.0,12,29,9,3,36,3,15,5,33.3,0.2,0.6,12.9,0,0,0,2.4,2.4,0.16,0.6,0.6,394,352,41,7,0,4,19,22,3,1,2,0,281,1,10,27,19,3,1,2,2,0,5,2,1,0,1,1,0,12,5,5,6,1,6,15,40.0,9,9,6,3,12,24,21,0,38,487,68,163,196,133,25,487,12,7,58.3,5,41.7,244,1519,693,16,7,7,9,5,276,36,3,0,0,18,8,1,19,12,5,0,0,2,57,16,23,41.0,2020
2021-04-03,20:00,Matchweek 30,Sat,Away,W,3,0,Liverpool,638,751,85.0,10600,3078,321,353,90.9,254,281,90.4,48,79,60.8,2,1.9,1.5,10,33,14,3,39,3,16,7,43.8,0.19,0.43,18.2,0,0,0,2.4,2.4,0.15,0.6,0.6,751,714,34,10,1,8,21,20,2,0,1,0,638,3,6,28,20,1,4,0,1,2,6,5,0,1,0,0,0,18,11,2,10,6,9,15,60.0,6,5,1,4,6,24,11,0,64,830,53,225,428,183,28,830,19,13,68.4,6,31.6,555,2202,1052,19,13,4,14,15,629,38,1,0,0,10,10,3,21,6,11,0,0,0,57,19,13,59.4,2020
2021-04-11,19:00,Matchweek 31,Sun,Home,L,0,3,Sheffield Utd,417,500,83.4,6821,2174,216,233,92.7,150,170,88.2,38,72,52.8,0,0.3,0.3,5,25,6,1,30,0,7,2,28.6,0.0,0.0,20.0,0,0,0,0.3,0.3,0.05,-0.3,-0.3,500,463,35,9,0,3,9,15,2,0,0,0,417,2,8,10,9,1,0,0,0,0,0,0,0,0,0,0,0,16,7,9,6,1,7,15,46.7,8,10,6,4,5,21,20,1,45,587,78,228,271,92,11,587,5,3,60.0,2,40.0,406,1874,817,4,4,3,11,10,414,30,1,0,0,9,5,2,9,5,7,0,0,0,41,9,14,39.1,2020
2021-04-18,13:30,Matchweek 32,Sun,Away,D,1,1,Fulham,219,306,71.6,3791,1378,96,116,82.8,99,119,83.2,17,54,31.5,0,0.0,0.1,1,12,2,0,15,1,2,0,0.0,0.0,,29.8,0,1,1,0.9,0.1,0.04,0.1,-0.1,306,261,45,13,0,1,6,13,1,1,0,0,219,0,5,4,2,0,0,1,1,0,1,0,0,0,0,1,0,12,8,8,4,0,9,20,45.0,11,10,5,5,11,23,33,0,31,414,97,216,143,62,10,413,21,11,52.4,10,47.6,224,1202,532,10,5,3,11,8,219,15,3,0,0,11,9,0,6,11,8,1,0,0,38,17,19,47.2,2020
2021-04-23,20:00,Matchweek 33,Fri,Away,W,1,0,Everton,375,466,80.5,6677,2417,168,190,88.4,161,179,89.9,35,70,50.0,0,0.4,0.4,4,20,4,1,22,0,8,1,12.5,0.0,0.0,20.8,2,0,0,0.5,0.5,0.07,-0.5,-0.5,466,434,31,13,0,3,11,9,3,3,0,0,375,1,8,14,8,0,2,2,2,0,0,0,0,0,0,0,0,19,14,12,4,3,10,16,62.5,6,10,8,2,8,27,20,1,41,551,100,284,210,63,10,551,10,9,90.0,1,10.0,228,1297,644,10,6,2,9,9,374,22,3,0,0,10,13,1,11,8,14,0,0,0,46,12,11,52.2,2020
2021-05-02,14:00,Matchweek 34,Sun,Home,L,0,2,Newcastle Utd,363,434,83.6,6626,2222,165,172,95.9,150,172,87.2,43,77,55.8,0,0.3,0.2,5,19,0,0,14,0,5,1,20.0,0.0,0.0,20.4,0,0,0,0.3,0.3,0.05,-0.3,-0.3,434,395,38,10,0,6,20,13,3,3,0,0,363,1,3,10,5,2,2,0,1,0,0,0,0,0,0,0,0,12,6,7,5,0,6,14,42.9,8,9,5,4,7,19,13,0,39,508,71,232,198,82,8,508,18,14,77.8,4,22.2,355,1854,966,17,14,4,10,2,358,14,2,1,0,10,9,1,20,7,6,0,0,0,37,11,10,52.4,2020
2021-05-09,19:00,Matchweek 35,Sun,Away,L,1,3,West Brom,233,336,69.3,4777,1747,80,100,80.0,109,132,82.6,36,85,42.4,1,1.7,0.9,9,23,6,3,28,1,12,1,8.3,0.08,1.0,19.3,0,0,0,1.8,1.8,0.15,-0.8,-0.8,336,290,44,7,0,2,23,21,6,4,0,0,233,2,2,17,14,2,0,0,1,0,1,1,0,0,0,0,0,14,11,9,3,2,8,15,53.3,7,7,3,4,13,27,12,1,35,432,52,151,170,118,14,432,12,5,41.7,7,58.3,213,1164,620,12,9,5,18,4,228,28,2,0,0,9,7,2,23,13,11,0,0,0,48,12,11,52.2,2020
2021-05-12,20:15,Matchweek 36,Wed,Home,L,0,1,Chelsea,722,828,87.2,10498,2855,415,448,92.6,246,273,90.1,36,62,58.1,0,0.9,1.4,16,53,17,5,58,0,19,4,21.1,0.0,0.0,15.0,0,0,0,1.8,1.8,0.09,-1.8,-1.8,828,781,43,8,1,2,32,20,9,5,4,0,722,4,9,33,25,4,2,2,0,0,0,0,0,0,0,0,0,4,4,1,2,1,2,6,33.3,4,11,2,9,6,10,5,1,67,909,60,204,369,340,49,909,22,12,54.5,10,45.5,608,2990,1614,23,21,8,15,4,718,58,0,0,0,7,5,4,32,6,4,0,0,0,44,17,8,68.0,2020
2021-05-19,19:00,Matchweek 37,Wed,Home,L,1,3,Crystal Palace,208,312,66.7,3897,1687,90,114,78.9,74,107,69.2,33,65,50.8,1,1.0,1.0,12,19,7,4,26,1,12,6,50.0,0.08,0.17,13.6,0,0,0,1.0,1.0,0.08,0.0,0.0,312,265,44,9,0,0,28,20,6,2,1,3,208,3,7,23,14,5,1,0,3,0,2,0,1,0,0,1,0,20,12,12,6,2,7,14,50.0,7,11,2,9,8,28,24,0,32,434,55,139,196,105,25,434,9,6,66.7,3,33.3,206,1179,603,13,10,4,17,5,205,25,2,0,0,7,6,3,28,8,12,0,0,0,51,20,20,50.0,2020
2021-05-23,16:00,Matchweek 38,Sun,Away,L,0,2,Brighton,438,514,85.2,7590,2594,204,214,95.3,181,199,91.0,37,70,52.9,0,0.1,0.3,2,22,6,0,23,0,5,1,20.0,0.0,0.0,22.6,0,0,0,0.2,0.2,0.04,-0.2,-0.2,514,484,29,12,0,5,10,5,3,1,2,0,438,1,8,7,5,0,2,0,0,0,0,0,0,0,0,0,0,17,12,10,4,3,10,16,62.5,6,15,4,11,13,30,19,0,46,610,100,287,211,115,9,610,6,3,50.0,3,50.0,382,1951,981,9,11,1,17,11,437,23,0,0,0,8,10,1,10,13,12,0,0,0,52,3,7,30.0,2020
2021-08-13,20:00,Matchweek 1,Fri,Home,W,2,0,Brentford,217,343,63.3,4166,1935,94,123,76.4,83,107,77.6,34,82,41.5,1,0.8,0.5,6,20,8,1,22,2,8,3,37.5,0.25,0.67,12.1,0,0,0,1.2,1.2,0.15,0.8,0.8,343,295,47,9,1,0,9,19,2,2,0,0,217,1,11,13,11,1,1,0,0,0,1,1,0,0,0,0,0,20,12,10,8,2,11,20,55.0,9,8,4,4,9,29,22,0,36,455,75,202,167,90,18,455,11,7,63.6,4,36.4,165,1010,450,9,10,4,16,5,216,22,0,0,0,12,7,1,9,9,12,0,0,0,44,17,20,45.9,2021
2021-08-22,16:30,Matchweek 2,Sun,Away,W,2,0,Chelsea,607,692,87.7,9081,3044,328,347,94.5,213,236,90.3,31,55,56.4,2,3.0,2.4,18,28,18,2,49,2,22,5,22.7,0.09,0.4,16.0,0,0,0,3.1,3.1,0.14,-1.1,-1.1,692,643,49,14,3,4,17,22,8,6,0,0,607,0,10,42,37,1,1,2,1,0,4,4,0,0,0,0,0,11,5,7,3,1,4,13,30.8,9,6,1,5,10,21,26,0,65,795,95,300,306,190,38,795,16,7,43.8,9,56.3,493,1992,1121,22,14,8,11,11,603,49,0,0,0,4,10,0,17,10,5,0,0,0,35,18,11,62.1,2021
2021-08-28,12:30,Matchweek 3,Sat,Home,W,5,0,Manchester City,721,813,88.7,10729,3207,373,391,95.4,288,319,90.3,32,64,50.0,4,3.8,3.6,21,52,21,6,69,5,25,10,40.0,0.2,0.5,14.8,0,0,0,4.4,4.4,0.18,0.6,0.6,813,760,52,10,8,1,30,23,14,4,2,0,721,1,5,49,45,1,1,1,1,0,10,10,0,0,0,0,0,14,10,2,8,4,6,8,75.0,2,3,0,3,4,18,3,0,80,879,34,145,387,350,45,879,14,7,50.0,7,50.0,559,2749,1574,32,27,13,8,2,710,69,1,0,0,5,7,1,30,4,10,0,0,0,45,13,9,59.1,2021
2021-09-11,15:00,Matchweek 4,Sat,Away,L,0,1,Norwich City,348,454,76.7,5776,2237,182,208,87.5,128,162,79.0,31,61,50.8,0,0.5,0.8,7,18,8,4,26,0,10,1,10.0,0.0,0.0,19.9,1,0,0,0.7,0.7,0.07,-0.7,-0.7,454,398,56,10,1,2,18,25,4,3,0,0,348,0,13,19,14,3,0,1,1,0,0,0,0,0,0,0,0,20,13,10,7,3,11,18,61.1,7,14,11,3,8,28,22,0,49,565,106,244,197,125,21,565,23,7,30.4,16,69.6,338,1684,722,9,9,4,14,0,344,26,2,0,0,11,9,0,18,8,13,0,0,0,45,16,19,45.7,2021
2021-09-18,15:00,Matchweek 5,Sat,Home,L,0,1,Burnley,326,472,69.1,6517,2688,137,163,84.0,129,166,77.7,54,106,50.9,0,0.5,1.1,11,31,12,7,37,0,18,3,16.7,0.0,0.0,15.4,0,0,0,1.0,1.0,0.06,-1.0,-1.0,472,421,47,10,1,3,41,22,8,5,0,0,326,4,12,34,27,2,0,3,2,0,0,0,0,0,0,0,0,14,6,6,5,3,8,13,61.5,5,13,6,7,15,29,15,0,46,574,38,136,254,186,34,574,6,3,50.0,3,50.0,284,1302,704,11,9,1,11,15,325,37,2,0,0,9,8,4,41,15,6,0,0,0,56,29,23,55.8,2021
2021-09-26,16:30,Matchweek 6,Sun,Away,L,1,3,Tottenham,445,537,82.9,7565,2376,221,236,93.6,150,176,85.2,52,84,61.9,1,1.0,0.6,8,35,4,2,27,1,10,4,40.0,0.1,0.25,16.3,0,0,0,1.0,1.0,0.1,0.0,0.0,537,477,56,14,2,4,19,27,4,3,1,0,445,4,10,18,12,3,0,2,0,1,2,2,0,0,0,0,0,14,11,3,9,2,5,10,50.0,5,9,1,8,8,22,9,1,54,617,55,158,314,149,11,617,16,10,62.5,6,37.5,326,1827,929,18,21,3,15,16,441,27,1,0,0,13,12,4,19,8,11,0,0,0,47,11,15,42.3,2021
2021-10-02,17:30,Matchweek 7,Sat,Home,D,0,0,Brighton,444,543,81.8,7911,2825,205,229,89.5,171,198,86.4,49,81,60.5,0,1.0,1.0,18,33,12,2,48,0,21,2,9.5,0.0,0.0,17.7,0,0,0,1.1,1.1,0.05,-1.1,-1.1,543,502,40,6,5,2,26,18,8,3,5,0,444,1,10,40,32,5,1,2,0,0,0,0,0,0,0,0,0,16,5,7,6,3,8,14,57.1,6,15,1,14,9,25,14,0,58,651,52,154,297,204,28,651,8,6,75.0,2,25.0,280,1521,819,15,18,2,18,6,441,48,2,0,0,8,5,1,26,9,5,0,0,0,57,16,7,69.6,2021
2021-10-18,20:00,Matchweek 8,Mon,Away,D,2,2,Crystal Palace,428,513,83.4,7748,2526,188,207,90.8,191,216,88.4,43,68,63.2,2,0.6,0.3,7,28,1,0,34,2,9,6,66.7,0.22,0.33,21.4,0,0,0,0.7,0.7,0.08,1.3,1.3,513,474,36,7,0,2,10,18,3,1,2,0,428,3,8,12,11,0,0,0,0,1,2,2,0,0,0,0,0,22,16,19,1,2,12,20,60.0,8,8,2,6,7,29,18,0,46,631,76,239,294,104,10,631,20,7,35.0,13,65.0,427,1942,1025,19,9,4,18,4,423,34,1,0,0,4,7,3,10,7,16,0,0,0,50,20,7,74.1,2021
2021-10-22,20:00,Matchweek 9,Fri,Away,L,1,3,Aston Villa,332,429,77.4,6106,2637,146,172,84.9,143,168,85.1,40,74,54.1,1,1.4,0.6,8,24,5,1,28,1,10,4,40.0,0.1,0.25,17.2,1,0,0,1.4,1.4,0.14,-0.4,-0.4,429,377,52,17,4,2,12,19,4,2,0,1,332,0,8,19,14,1,1,1,1,1,2,2,0,0,0,0,0,14,8,5,4,5,8,12,66.7,4,12,5,7,11,25,18,1,47,534,76,204,229,104,16,534,15,9,60.0,6,40.0,341,1876,1043,23,9,4,16,7,326,27,5,0,0,10,17,0,12,11,8,0,1,0,49,15,11,57.7,2021
2021-10-30,12:30,Matchweek 10,Sat,Home,L,0,2,Leicester City,575,675,85.2,10627,3461,216,244,88.5,292,309,94.5,57,93,61.3,0,0.8,0.7,10,50,9,3,62,0,16,8,50.0,0.0,0.0,17.3,2,0,0,1.3,1.3,0.08,-1.3,-1.3,675,623,50,10,3,4,22,24,7,3,4,0,575,2,10,30,22,2,0,2,3,1,0,0,0,0,0,0,0,11,6,2,7,2,6,16,37.5,10,9,3,6,7,18,16,1,64,772,74,233,359,184,25,772,10,4,40.0,6,60.0,411,1940,960,11,19,5,22,1,573,62,2,0,0,8,11,2,22,7,6,0,0,0,46,15,9,62.5,2021
2021-11-07,14:00,Matchweek 11,Sun,Away,L,0,1,Watford,254,361,70.4,5055,1899,103,125,82.4,106,132,80.3,39,82,47.6,0,0.4,0.2,6,21,5,4,27,0,7,1,14.3,0.0,0.0,19.7,0,0,0,0.5,0.5,0.07,-0.5,-0.5,361,318,40,9,0,0,15,23,2,1,0,0,254,3,6,13,11,1,1,0,0,0,0,0,0,0,0,0,0,15,10,8,4,3,9,24,37.5,15,7,3,4,11,26,23,0,40,472,68,183,193,102,13,472,17,8,47.1,9,52.9,237,1462,574,11,10,3,18,13,249,27,4,1,1,19,6,3,15,11,10,0,1,0,52,9,17,34.6,2021
2021-11-20,17:30,Matchweek 12,Sat,Home,W,4,0,Liverpool,587,677,86.7,10307,3392,234,253,92.5,286,312,91.7,48,81,59.3,3,3.1,2.1,13,31,6,1,44,4,19,9,47.4,0.21,0.44,13.4,0,0,0,4.3,4.3,0.23,-0.3,-0.3,677,628,47,20,0,2,17,17,6,2,4,0,587,2,4,31,21,3,2,2,2,1,7,4,1,1,0,1,0,14,8,1,8,5,6,15,40.0,9,5,2,3,4,18,9,0,62,778,85,264,368,154,40,778,24,9,37.5,15,62.5,441,1878,984,21,15,11,14,3,585,43,2,0,0,15,11,2,17,4,8,0,0,0,55,10,10,50.0,2021
2021-11-27,12:30,Matchweek 13,Sat,Away,L,0,2,Newcastle Utd,276,358,77.1,4683,1751,131,147,89.1,112,134,83.6,23,58,39.7,0,0.1,0.6,5,20,3,0,16,0,9,5,55.6,0.0,0.0,24.5,0,0,0,0.3,0.3,0.03,-0.3,-0.3,358,326,29,5,1,2,14,5,4,3,1,0,276,3,3,13,9,1,2,0,0,1,0,0,0,0,0,0,0,13,9,8,5,0,5,20,25.0,15,17,6,11,11,24,21,0,34,462,82,249,133,91,13,462,16,9,56.3,7,43.8,294,1749,845,14,16,3,17,7,276,16,3,0,0,12,5,3,14,11,9,0,0,0,39,5,11,31.3,2021
2021-12-02,20:15,Matchweek 14,Thu,Home,W,3,2,Manchester Utd,369,461,80.0,6397,2178,169,199,84.9,155,188,82.4,32,55,58.2,2,1.2,0.8,13,40,9,1,42,3,13,9,69.2,0.15,0.22,19.7,0,1,1,1.9,1.2,0.09,1.1,0.8,461,422,39,10,0,4,12,16,3,1,1,0,369,0,1,27,23,1,2,0,1,0,6,5,0,0,0,1,0,18,13,14,2,2,5,19,26.3,14,12,4,8,9,27,19,1,44,561,56,182,230,158,18,560,9,4,44.4,5,55.6,289,1703,947,21,18,5,11,5,366,42,1,0,0,9,10,0,12,9,13,1,0,0,55,22,16,57.9,2021
2021-12-06,20:00,Matchweek 15,Mon,Home,W,2,1,Everton,257,378,68.0,5149,2247,95,134,70.9,118,148,79.7,34,62,54.8,1,0.5,0.5,7,22,6,3,28,2,11,5,45.5,0.18,0.4,17.1,0,0,0,0.9,0.9,0.09,1.1,1.1,378,322,51,11,2,4,13,28,3,1,1,0,257,5,10,17,11,2,1,2,0,1,3,1,0,1,1,0,0,13,7,5,5,3,1,12,8.3,11,14,3,11,11,24,13,0,37,480,56,144,217,127,14,480,14,6,42.9,8,57.1,249,1319,665,12,8,1,17,11,254,28,2,0,0,8,12,5,13,11,7,0,0,0,60,15,14,51.7,2021
2021-12-11,15:00,Matchweek 16,Sat,Away,L,0,3,Southampton,250,354,70.6,4700,1831,106,129,82.2,108,137,78.8,31,70,44.3,0,0.5,0.2,7,19,4,0,33,0,11,6,54.5,0.0,0.0,22.1,3,0,0,0.6,0.6,0.06,-0.6,-0.6,354,308,45,5,0,2,13,20,8,3,3,0,250,1,5,18,10,1,1,2,3,1,0,0,0,0,0,0,0,12,4,9,3,0,5,10,50.0,5,14,3,11,8,20,24,1,39,470,64,169,207,98,14,470,5,2,40.0,3,60.0,222,940,417,5,12,2,24,5,246,31,0,0,0,9,5,1,13,8,4,0,0,0,54,22,21,51.2,2021
2021-12-15,20:00,Matchweek 17,Wed,Away,L,0,2,West Ham,341,434,78.6,5960,1780,157,173,90.8,123,155,79.4,44,77,57.1,0,0.2,0.3,4,18,5,2,21,0,7,1,14.3,0.0,0.0,22.3,1,0,0,0.4,0.4,0.05,-0.4,-0.4,434,387,47,8,0,5,17,28,2,2,0,0,341,0,5,12,10,0,0,0,2,0,0,0,0,0,0,0,0,18,14,11,4,3,6,16,37.5,10,16,8,8,11,29,22,0,45,547,82,206,208,134,10,547,14,9,64.3,5,35.7,294,1261,467,14,9,1,17,17,336,20,2,1,1,9,9,0,17,11,14,0,1,0,43,20,18,52.6,2021
2021-12-18,17:30,Matchweek 18,Sat,Home,L,1,4,Leeds United,344,447,77.0,5441,2271,147,175,84.0,139,160,86.9,30,61,49.2,0,0.8,0.3,6,23,9,2,29,1,8,1,12.5,0.0,0.0,24.8,0,1,1,1.6,0.8,0.11,-0.6,-0.8,447,402,45,7,1,2,9,27,1,1,0,0,344,0,10,16,12,1,1,0,1,1,2,1,0,0,0,1,0,14,4,8,5,1,7,13,53.8,6,12,5,7,9,23,16,2,51,557,71,268,205,95,15,556,15,11,73.3,4,26.7,292,1427,695,12,7,2,18,9,340,29,3,0,0,11,6,0,9,9,4,1,0,0,51,6,11,35.3,2021
2021-12-26,15:00,Matchweek 19,Sun,Home,L,0,5,Norwich City,249,352,70.7,4591,1814,108,128,84.4,101,131,77.1,32,68,47.1,0,0.1,0.2,4,11,2,0,19,0,4,2,50.0,0.0,0.0,17.9,0,0,0,0.1,0.1,0.03,-0.1,-0.1,352,301,48,9,1,3,9,23,3,2,1,0,249,3,7,8,5,1,1,0,1,0,0,0,0,0,0,0,0,17,8,5,11,1,9,20,45.0,11,14,6,8,13,30,12,1,36,445,59,191,178,86,4,445,7,2,28.6,5,71.4,246,1435,684,12,14,2,13,8,244,18,1,0,0,13,7,3,9,13,8,0,1,0,51,10,22,31.3,2021
2022-01-01,12:30,Matchweek 21,Sat,Away,W,2,1,Manchester City,591,673,87.8,9646,2904,304,329,92.4,232,254,91.3,45,64,70.3,0,1.0,0.8,11,52,9,2,51,2,14,1,7.1,0.07,1.0,18.7,0,1,1,2.0,1.2,0.09,0.0,-0.2,673,633,38,13,2,3,9,12,5,1,0,0,591,2,6,29,24,2,0,1,2,0,3,1,0,0,1,1,0,14,7,4,3,7,8,17,47.1,9,2,1,1,2,16,23,1,71,779,77,229,341,214,32,778,18,10,55.6,8,44.4,559,2691,1428,22,22,10,18,8,587,51,2,0,0,5,12,2,9,2,7,1,0,0,44,16,5,76.2,2021
2022-01-23,14:00,Matchweek 23,Sun,Away,D,0,0,Burnley,146,233,62.7,2870,1453,63,77,81.8,57,83,68.7,22,63,34.9,0,0.3,0.3,9,14,4,0,13,0,10,1,10.0,0.0,0.0,21.2,0,0,0,0.4,0.4,0.04,-0.4,-0.4,233,196,35,9,0,0,6,11,4,3,1,0,146,2,3,17,11,3,1,1,1,0,0,0,0,0,0,0,0,18,8,13,4,1,8,16,50.0,8,11,6,5,7,25,41,0,25,353,77,161,125,71,13,353,10,7,70.0,3,30.0,150,857,370,6,7,3,11,4,140,13,2,0,0,13,8,2,6,7,8,0,0,0,34,25,17,59.5,2021
2022-02-10,19:45,Matchweek 24,Thu,Home,L,0,1,Wolves,435,556,78.2,8155,2749,162,180,90.0,223,272,82.0,47,87,54.0,0,0.6,1.5,10,44,8,6,56,0,15,4,26.7,0.0,0.0,19.1,2,0,0,0.8,0.8,0.05,-0.8,-0.8,556,502,53,12,2,6,42,29,7,1,3,1,435,1,11,30,25,2,0,1,2,0,0,0,0,0,0,0,0,12,5,4,8,0,4,9,44.4,5,13,7,6,17,29,17,0,58,664,52,205,273,192,31,664,24,10,41.7,14,58.3,436,2320,1259,30,20,7,15,3,429,56,2,0,0,12,13,1,42,17,5,0,0,0,60,17,14,54.8,2021
2022-02-19,15:00,Matchweek 26,Sat,Away,L,1,2,Brentford,234,326,71.8,3919,1842,125,148,84.5,78,103,75.7,24,58,41.4,1,0.6,0.3,4,16,4,1,18,1,6,2,33.3,0.17,0.5,20.7,0,0,0,0.6,0.6,0.11,0.4,0.4,326,287,37,11,1,0,8,15,0,0,0,0,234,2,4,9,3,0,3,1,2,0,1,0,0,0,1,0,0,14,6,9,4,1,5,12,41.7,7,16,9,7,12,26,49,1,34,466,113,247,165,56,9,466,11,6,54.5,5,45.5,256,1069,495,7,2,2,10,9,231,17,1,0,0,5,9,2,8,12,6,0,0,0,46,17,10,63.0,2021
2022-02-24,19:45,Matchweek 20,Thu,Away,L,1,2,Wolves,328,441,74.4,5998,2043,143,166,86.1,143,161,88.8,39,91,42.9,0,0.6,0.3,4,14,3,2,15,1,6,2,33.3,0.17,0.5,14.8,0,0,0,1.0,1.0,0.17,0.0,0.0,441,395,44,9,1,3,9,14,4,0,4,0,328,2,15,9,6,0,2,1,0,0,1,0,0,1,0,0,0,21,15,15,6,0,9,27,33.3,18,15,9,6,16,37,23,0,44,558,93,281,214,70,8,558,15,9,60.0,6,40.0,336,1722,868,13,13,4,14,6,326,15,1,0,0,9,8,2,9,16,15,0,0,1,58,12,11,52.2,2021
2022-03-06,14:00,Matchweek 28,Sun,Home,L,2,3,Watford,365,478,76.4,6441,2667,168,207,81.2,147,166,88.6,36,77,46.8,2,0.9,0.4,10,23,7,2,37,2,13,7,53.8,0.15,0.29,19.0,2,0,0,1.0,1.0,0.07,1.0,1.0,478,416,60,10,0,3,10,36,1,1,0,0,365,2,12,26,18,0,4,0,3,1,4,3,0,1,0,0,0,17,6,4,9,4,6,14,42.9,8,7,3,4,16,33,18,2,44,592,63,230,229,137,22,592,21,13,61.9,8,38.1,281,1377,679,18,7,7,12,12,363,37,1,0,0,5,12,2,10,16,6,0,0,0,61,30,9,76.9,2021
2022-03-13,16:30,Matchweek 29,Sun,Away,L,0,2,Leicester City,519,605,85.8,8454,2659,272,290,93.8,175,199,87.9,51,77,66.2,0,0.3,0.5,5,33,8,1,34,0,6,3,50.0,0.0,0.0,15.1,0,0,0,0.4,0.4,0.06,-0.4,-0.4,605,555,50,10,2,7,14,23,6,4,0,0,519,0,8,11,8,1,0,0,1,1,0,0,0,0,0,0,0,17,10,5,9,3,11,17,64.7,6,14,9,5,10,27,13,0,54,701,79,228,344,131,16,701,4,0,0.0,4,100.0,490,2435,919,12,11,1,17,11,517,34,3,0,0,10,7,0,14,10,10,0,1,0,42,8,6,57.1,2021
2022-03-16,20:15,Matchweek 27,Wed,Away,W,2,0,Liverpool,457,572,79.9,7819,2719,226,250,90.4,185,227,81.5,40,70,57.1,2,0.7,1.0,7,28,4,1,33,2,9,3,33.3,0.22,0.67,14.4,0,0,0,0.8,0.8,0.09,1.2,1.2,572,528,42,13,1,4,18,17,6,1,5,0,457,2,10,15,11,2,0,2,0,0,3,3,0,0,0,0,0,16,8,8,7,1,2,16,12.5,14,15,4,11,11,27,14,1,51,669,66,207,343,122,16,669,9,4,44.4,5,55.6,377,1594,838,15,12,5,17,11,456,33,1,0,0,9,7,2,18,11,8,0,0,0,59,15,6,71.4,2021
2022-03-19,12:30,Matchweek 30,Sat,Home,L,0,1,Aston Villa,404,496,81.5,6644,2404,200,219,91.3,166,191,86.9,26,64,40.6,0,0.2,0.4,4,33,9,4,36,0,8,1,12.5,0.0,0.0,16.8,2,0,0,0.5,0.5,0.06,-0.5,-0.5,496,448,47,13,0,2,27,20,6,4,1,0,404,1,3,15,11,1,1,0,2,0,0,0,0,0,0,0,0,10,6,8,2,0,4,7,57.1,3,12,4,8,4,14,15,0,47,570,78,212,228,136,18,570,11,6,54.5,5,45.5,378,2174,1075,20,14,3,12,8,401,35,3,0,0,13,14,1,27,4,6,0,0,0,39,5,6,45.5,2021
2022-04-04,20:00,Matchweek 31,Mon,Home,W,3,0,Crystal Palace,222,320,69.4,4324,1830,96,118,81.4,91,113,80.5,33,77,42.9,2,0.6,0.1,4,11,2,1,15,3,5,4,80.0,0.4,0.5,21.0,1,1,1,1.5,0.7,0.14,1.5,1.3,320,275,43,16,0,2,6,17,0,0,0,0,222,2,3,12,6,1,2,0,3,0,6,2,1,1,0,2,0,18,8,11,5,2,7,15,46.7,8,11,1,10,10,28,17,0,32,436,49,193,173,79,9,435,15,9,60.0,6,40.0,248,1251,461,7,8,1,24,10,221,15,0,0,0,11,14,2,6,10,8,1,0,0,55,11,10,52.4,2021
2022-04-09,15:00,Matchweek 32,Sat,Away,W,2,1,Brighton,217,316,68.7,3608,1260,100,117,85.5,92,108,85.2,14,58,24.1,2,0.5,0.3,6,6,5,0,20,2,8,3,37.5,0.25,0.67,23.1,0,0,0,0.6,0.6,0.07,1.4,1.4,316,273,41,14,0,1,10,19,2,1,1,0,217,2,10,15,12,1,1,0,0,1,4,4,0,0,0,0,0,21,13,12,7,2,6,12,50.0,6,17,10,7,16,37,30,0,36,440,78,187,169,88,8,440,8,5,62.5,3,37.5,206,977,529,11,12,0,18,6,216,19,4,0,0,19,10,2,10,16,13,0,0,0,46,16,9,64.0,2021
2022-04-16,15:00,Matchweek 33,Sat,Home,W,1,0,Southampton,140,238,58.8,2695,1272,55,75,73.3,57,74,77.0,20,66,30.3,1,0.7,0.2,6,11,2,0,14,1,9,3,33.3,0.11,0.33,15.9,1,0,0,0.8,0.8,0.09,0.2,0.2,238,196,40,5,1,1,10,13,6,4,2,0,140,2,7,11,6,2,0,1,2,0,2,2,0,0,0,0,0,14,7,8,4,2,6,17,35.3,11,12,4,8,17,31,35,1,25,369,73,165,121,85,13,369,11,4,36.4,7,63.6,167,904,357,10,6,2,12,5,138,14,2,0,0,6,6,2,10,17,7,0,0,0,43,18,19,48.6,2021
2022-04-20,19:45,Matchweek 25,Wed,Home,L,2,4,Chelsea,632,750,84.3,10151,2822,310,336,92.3,263,288,91.3,38,74,51.4,1,0.4,1.0,8,49,10,1,43,2,11,2,18.2,0.18,1.0,15.9,0,0,0,0.7,0.7,0.06,1.3,1.3,750,699,50,10,3,4,20,21,6,5,1,0,632,1,17,20,18,1,0,0,0,1,3,2,0,0,0,0,1,23,13,11,8,4,11,18,61.1,7,13,3,10,10,33,7,1,67,849,63,219,407,234,28,849,14,8,57.1,6,42.9,578,2810,1295,23,21,5,14,14,629,43,3,0,0,7,4,1,20,10,13,0,1,0,56,14,14,50.0,2021
2022-04-23,12:30,Matchweek 34,Sat,Away,L,1,3,Manchester Utd,358,451,79.4,5755,1917,176,205,85.9,144,171,84.2,29,56,51.8,1,0.9,0.5,11,17,5,1,29,1,13,5,38.5,0.08,0.2,18.1,0,0,1,1.8,1.0,0.08,-0.8,0.0,451,402,47,10,0,2,16,19,7,5,1,0,358,2,5,24,19,2,0,3,0,0,2,2,0,0,0,0,0,13,10,6,6,1,5,9,55.6,4,9,2,7,9,22,17,0,46,545,55,195,236,121,15,544,9,5,55.6,4,44.4,306,1727,748,16,11,1,14,6,355,29,4,0,0,12,8,2,16,9,10,0,1,0,41,15,5,75.0,2021
2022-05-01,16:30,Matchweek 35,Sun,Home,L,1,2,West Ham,533,638,83.5,8519,2573,259,286,90.6,205,229,89.5,39,77,50.6,1,0.4,0.4,6,41,6,3,38,1,8,3,37.5,0.13,0.33,14.0,0,0,0,0.5,0.5,0.06,0.5,0.5,638,593,44,9,0,4,22,23,3,3,0,0,533,1,9,15,13,2,0,0,0,0,2,2,0,0,0,0,0,11,6,6,4,1,5,15,33.3,10,9,2,7,8,19,9,1,57,717,54,196,344,186,14,717,13,5,38.5,8,61.5,513,2756,1134,22,23,4,5,8,532,38,2,0,0,7,7,1,22,8,6,0,0,0,46,14,18,43.8,2021
2022-05-08,14:00,Matchweek 36,Sun,Away,L,1,2,Leeds United,302,389,77.6,5213,1867,149,160,93.1,112,139,80.6,32,69,46.4,1,0.3,0.3,2,7,1,0,12,1,3,2,66.7,0.33,0.5,11.0,0,0,0,0.3,0.3,0.1,0.7,0.7,389,347,42,14,0,6,8,10,2,2,0,0,302,0,6,6,4,2,0,0,0,0,2,1,1,0,0,0,0,24,15,18,4,2,12,27,44.4,15,10,2,8,2,26,25,1,36,482,103,285,170,30,7,482,11,2,18.2,9,81.8,225,1126,477,6,4,2,6,7,299,12,2,1,0,15,12,0,8,2,15,0,0,0,44,8,7,53.3,2021
2022-05-12,19:45,Matchweek 22,Thu,Home,W,3,0,Tottenham,521,589,88.5,8578,2277,219,232,94.4,236,250,94.4,38,66,57.6,1,1.9,1.1,12,34,8,1,30,3,15,5,33.3,0.13,0.4,14.3,0,1,1,2.7,2.0,0.14,0.3,0.0,589,560,28,13,0,3,11,7,2,0,1,0,521,1,4,28,17,2,2,4,2,1,3,1,0,0,1,1,0,16,6,7,6,3,12,20,60.0,8,6,2,4,13,29,12,0,57,677,59,171,370,140,28,676,6,5,83.3,1,16.7,404,1778,1018,7,9,1,15,5,518,30,1,0,0,8,15,1,11,13,6,1,0,0,31,9,9,50.0,2021
2022-05-16,20:00,Matchweek 37,Mon,Home,W,2,0,Newcastle Utd,289,387,74.7,5135,1868,122,142,85.9,111,133,83.5,35,73,47.9,0,1.4,1.0,12,28,8,3,26,1,16,4,25.0,0.06,0.25,19.1,0,0,0,1.6,1.6,0.11,-0.6,-0.6,387,334,47,9,2,1,31,21,12,5,5,1,289,6,7,27,18,4,2,3,0,0,1,0,0,0,1,0,0,18,13,6,10,2,8,12,66.7,4,11,5,6,8,26,20,0,51,485,37,128,194,164,30,485,18,13,72.2,5,27.8,266,1384,535,16,7,3,11,10,288,26,0,0,0,11,8,6,31,8,13,0,0,0,40,18,9,66.7,2021
2022-05-22,16:00,Matchweek 38,Sun,Away,L,1,5,Everton,163,254,64.2,3024,1435,73,98,74.5,63,78,80.8,21,61,34.4,1,1.1,0.7,6,11,5,1,10,1,6,2,33.3,0.17,0.5,17.7,0,0,0,1.1,1.1,0.19,-0.1,-0.1,254,215,39,10,1,2,6,13,2,2,0,0,163,0,7,12,10,1,1,0,0,0,2,2,0,0,0,0,0,21,8,19,1,1,10,17,58.8,7,16,7,9,1,22,30,1,27,358,80,177,113,75,16,358,12,8,66.7,4,33.3,152,802,352,4,5,1,7,8,161,10,1,0,0,9,8,0,6,1,8,0,1,0,38,15,8,65.2,2021
2022-08-05,20:00,Matchweek 1,Fri,Home,L,0,2,Crystal Palace,514,609,84.4,9361,3028,226,243,93.0,228,245,93.1,48,89,53.9,0,1.1,1.2,8,29,6,2,34,0,10,2,20.0,0.0,0.0,14.2,0,0,0,1.2,1.2,0.12,-1.2,-1.2,609,560,48,13,2,5,19,25,3,1,2,0,514,1,11,18,11,1,4,2,0,0,0,0,0,0,0,0,0,18,9,8,6,4,3,16,18.8,13,10,4,6,8,26,18,0,56,726,75,266,310,160,26,726,29,16,55.2,13,44.8,524,2702,1115,20,21,7,17,16,512,34,1,0,0,16,9,1,19,8,9,0,0,1,56,10,14,41.7,2022
2022-08-13,15:00,Matchweek 2,Sat,Away,L,2,4,Leicester City,401,503,79.7,6826,2273,187,204,91.7,158,185,85.4,41,80,51.3,1,0.4,0.3,5,29,6,1,29,1,6,2,33.3,0.17,0.5,14.6,0,0,0,0.5,0.5,0.08,0.5,0.5,503,448,52,17,3,3,9,16,2,0,2,0,401,3,9,11,9,0,0,1,0,1,2,2,0,0,0,0,0,12,7,8,4,0,5,16,31.3,11,11,4,7,8,20,19,1,50,586,63,230,277,83,12,586,11,3,27.3,5,45.5,380,1658,734,10,5,5,8,3,400,29,1,0,0,9,15,3,9,8,7,0,0,0,45,14,19,42.4,2022
2022-08-20,17:30,Matchweek 3,Sat,Home,L,0,3,Bournemouth,354,457,77.5,6048,2161,162,184,88.0,151,182,83.0,34,60,56.7,0,0.2,0.2,5,22,6,4,14,0,6,1,16.7,0.0,0.0,18.5,1,0,0,0.3,0.3,0.05,-0.3,-0.3,457,403,53,12,0,4,13,27,3,2,0,1,354,1,12,10,7,1,0,0,1,1,0,0,0,0,0,0,0,22,8,7,11,4,13,25,52.0,12,11,4,7,7,29,13,0,43,546,60,208,246,101,11,546,13,7,53.8,5,38.5,351,1752,732,13,8,1,14,9,351,14,2,0,0,12,10,1,13,7,8,0,0,0,50,12,14,46.2,2022
2022-08-27,17:30,Matchweek 4,Sat,Away,L,1,2,Fulham,166,259,64.1,3081,1569,65,89,73.0,77,97,79.4,20,50,40.0,0,0.6,0.4,9,11,6,4,15,1,11,3,27.3,0.09,0.33,13.7,0,0,0,0.8,0.8,0.08,0.2,0.2,259,220,39,6,0,3,11,18,2,0,2,0,166,0,15,17,10,4,0,2,1,0,0,0,0,0,0,0,0,24,11,16,7,1,9,22,40.9,13,23,10,13,14,38,29,2,29,388,82,192,142,61,14,388,14,4,28.6,6,42.9,171,1137,646,9,6,2,11,9,162,15,3,0,0,12,6,0,11,14,11,0,0,0,48,22,11,66.7,2022
2022-08-31,19:30,Matchweek 5,Wed,Away,L,1,2,Aston Villa,289,386,74.9,5036,1915,138,159,86.8,123,149,82.6,25,62,40.3,0,0.4,0.2,3,25,3,1,27,1,4,3,75.0,0.25,0.33,19.2,0,0,0,0.4,0.4,0.11,0.6,0.6,386,343,42,11,0,2,16,13,2,2,0,0,289,1,7,6,5,0,0,1,0,0,1,0,0,0,1,0,0,16,6,11,3,2,7,19,36.8,12,14,8,6,11,27,24,1,41,494,90,178,239,82,9,493,11,5,45.5,4,36.4,264,1155,602,10,8,2,15,6,284,25,3,0,0,14,10,1,16,11,6,0,0,0,41,10,10,50.0,2022
2022-09-04,16:30,Matchweek 6,Sun,Home,W,3,1,Manchester Utd,261,340,76.8,4568,1885,121,141,85.8,101,114,88.6,27,60,45.0,3,1.6,1.0,10,15,4,1,15,3,10,6,60.0,0.3,0.5,15.5,0,0,0,1.5,1.5,0.16,1.5,1.5,340,295,41,9,4,4,6,17,2,0,2,0,261,4,6,17,13,3,0,0,0,1,6,6,0,0,0,0,0,17,8,12,4,1,9,17,52.9,8,14,5,9,7,24,25,0,40,452,74,183,181,89,15,452,12,3,25.0,8,66.7,257,1280,665,13,7,4,13,6,259,15,3,0,0,13,8,4,6,7,8,0,0,0,44,10,3,76.9,2022
2022-09-18,12:00,Matchweek 8,Sun,Home,L,0,3,Brentford,261,364,71.7,4838,2081,127,153,83.0,92,118,78.0,36,70,51.4,0,0.5,0.6,5,13,6,2,22,0,5,2,40.0,0.0,0.0,13.9,1,0,0,0.5,0.5,0.11,-0.5,-0.5,364,321,40,10,2,2,18,19,3,1,1,0,261,3,4,10,6,2,0,0,2,0,0,0,0,0,0,0,0,21,13,9,11,1,8,18,44.4,10,6,1,5,12,33,17,0,37,463,57,181,199,88,14,463,10,4,40.0,3,30.0,259,1012,407,7,8,1,19,9,258,22,0,0,0,10,9,3,18,12,13,0,0,0,51,21,8,72.4,2022
2022-10-01,12:30,Matchweek 9,Sat,Away,L,1,3,Tottenham,261,344,75.9,4675,1652,121,135,89.6,108,128,84.4,28,67,41.8,0,0.7,0.3,5,13,4,1,22,1,6,2,33.3,0.0,0.0,19.9,0,1,1,1.6,0.8,0.13,-0.6,-0.8,344,297,44,9,1,5,11,17,2,2,0,0,261,3,5,13,8,2,0,0,3,0,2,1,0,0,0,1,0,16,10,14,2,0,5,15,33.3,10,8,4,4,5,21,27,3,36,433,95,225,133,79,11,432,12,4,33.3,6,50.0,228,1166,642,13,7,3,7,8,257,21,1,1,0,10,10,3,11,5,10,1,0,0,36,7,9,43.8,2022
2022-10-09,16:30,Matchweek 10,Sun,Away,L,2,3,Liverpool,427,545,78.3,7627,2439,195,225,86.7,171,205,83.4,48,82,58.5,2,0.9,0.7,5,24,4,0,24,2,8,3,37.5,0.25,0.67,18.0,0,0,0,1.1,1.1,0.14,0.9,0.9,545,487,52,13,2,7,12,29,3,1,2,0,427,6,7,11,8,1,1,1,0,0,4,4,0,0,0,0,0,15,7,11,3,1,7,15,46.7,8,7,3,4,8,23,18,1,57,640,89,253,265,125,19,640,10,4,40.0,5,50.0,346,1799,954,17,16,5,11,11,424,24,2,0,0,11,10,6,12,8,7,0,1,0,35,10,13,43.5,2022
2022-10-16,14:00,Matchweek 11,Sun,Home,L,0,1,Leeds United,359,478,75.1,5374,2078,185,210,88.1,121,157,77.1,23,59,39.0,0,0.8,0.8,11,29,8,1,36,0,15,4,26.7,0.0,0.0,18.1,0,0,1,1.8,1.1,0.07,-1.8,-1.1,478,432,42,10,1,4,19,19,6,5,1,0,359,4,12,23,20,0,1,2,0,0,0,0,0,0,0,0,0,25,14,12,11,2,14,23,60.9,9,10,2,8,13,38,6,0,47,578,37,153,246,184,22,577,15,5,33.3,9,60.0,372,1781,847,18,10,6,10,8,358,36,0,0,0,10,9,4,19,13,14,0,0,0,61,13,10,56.5,2022
2022-10-23,14:00,Matchweek 13,Sun,Home,D,1,1,Southampton,302,404,74.8,5299,1778,145,163,89.0,120,153,78.4,31,63,49.2,1,0.6,0.5,8,15,7,0,25,1,10,3,30.0,0.1,0.33,19.4,0,0,0,0.7,0.7,0.07,0.3,0.3,404,354,46,11,1,2,20,17,9,8,1,0,302,4,7,17,15,1,1,0,0,0,2,2,0,0,0,0,0,21,14,13,8,0,8,11,72.7,3,14,5,9,3,24,16,0,41,508,74,229,189,101,13,508,9,3,33.3,4,44.4,281,1383,747,15,12,2,17,12,298,25,2,0,0,11,6,4,20,3,14,0,0,0,52,11,11,50.0,2022
2022-10-30,14:00,Matchweek 14,Sun,Away,L,0,5,Nott'ham Forest,226,306,73.9,4515,1926,79,93,84.9,108,129,83.7,33,66,50.0,0,0.1,0.2,2,11,1,0,14,0,5,2,40.0,0.0,0.0,20.4,0,0,0,0.4,0.4,0.09,-0.4,-0.4,306,259,45,10,0,2,11,14,4,2,2,0,226,2,6,3,1,1,1,0,0,0,0,0,0,0,0,0,0,25,14,17,7,1,6,7,85.7,1,20,10,10,5,30,30,1,31,429,99,212,146,74,14,429,14,4,28.6,8,57.1,180,765,390,7,6,3,15,6,226,14,1,0,0,8,9,2,11,5,14,0,0,0,39,13,10,56.5,2022
2022-11-06,12:00,Matchweek 15,Sun,Home,L,0,1,Chelsea,283,400,70.8,5133,2148,127,149,85.2,122,154,79.2,29,71,40.8,0,0.2,0.2,3,16,7,0,17,0,5,1,20.0,0.0,0.0,16.0,0,0,0,0.3,0.3,0.06,-0.3,-0.3,400,346,51,13,0,0,15,17,4,3,1,0,283,3,8,6,4,2,0,0,0,0,0,0,0,0,0,0,0,24,13,14,5,5,7,18,38.9,11,13,3,10,9,33,18,0,45,508,83,226,188,97,15,508,12,5,41.7,7,58.3,304,1152,527,6,2,1,16,10,282,17,5,0,0,19,13,3,15,9,13,0,0,0,55,17,13,56.7,2022
2022-11-12,19:45,Matchweek 16,Sat,Home,L,0,2,Wolves,295,385,76.6,5185,1802,149,167,89.2,116,144,80.6,25,51,49.0,0,0.5,0.6,6,25,7,1,26,0,11,2,18.2,0.0,0.0,20.0,1,0,0,0.7,0.7,0.06,-0.7,-0.7,385,341,41,6,4,3,15,18,6,0,3,1,295,3,7,17,12,1,1,1,1,1,0,0,0,0,0,0,0,17,9,8,7,2,11,20,55.0,9,6,4,2,6,23,24,0,38,476,57,178,196,114,15,476,15,9,60.0,5,33.3,261,1725,803,24,19,3,10,5,292,26,3,0,0,5,6,3,15,6,9,0,0,0,47,20,9,69.0,2022
2022-12-26,20:00,Matchweek 17,Mon,Away,L,1,3,West Ham,266,360,73.9,4374,2033,144,165,87.3,88,108,81.5,23,61,37.7,0,0.2,0.1,6,19,2,0,18,1,7,3,42.9,0.0,0.0,24.2,0,1,1,1.0,0.2,0.04,0.0,-0.2,360,314,46,15,0,1,12,15,5,3,1,1,266,0,8,16,10,4,0,0,2,0,2,1,0,0,0,1,0,14,7,8,4,2,7,13,53.8,6,8,5,3,7,21,22,0,34,450,71,205,176,72,10,449,13,0,0.0,7,53.8,220,1120,451,11,8,5,8,8,264,18,2,0,0,17,13,0,12,7,7,1,0,0,56,15,15,50.0,2022
2022-12-31,17:30,Matchweek 18,Sat,Home,L,2,4,Brighton,557,655,85.0,9158,2598,281,304,92.4,223,251,88.8,41,73,56.2,1,0.8,1.1,6,39,11,1,52,2,9,5,55.6,0.22,0.4,13.5,0,0,0,1.2,1.2,0.13,0.8,0.8,655,596,54,11,2,5,24,26,7,6,0,0,557,5,4,16,15,1,0,0,0,0,4,4,0,0,0,0,0,8,4,4,3,1,5,10,50.0,5,14,4,10,9,17,6,0,68,738,63,227,361,153,24,738,3,0,0.0,3,100.0,450,2737,1589,27,12,6,13,16,554,51,3,0,0,7,10,5,24,9,4,0,0,0,48,12,8,60.0,2022
2023-01-03,19:45,Matchweek 19,Tue,Away,D,0,0,Newcastle Utd,201,292,68.8,3633,1601,95,113,84.1,64,88,72.7,29,57,50.9,0,1.0,0.9,7,9,4,0,21,0,8,1,12.5,0.0,0.0,13.4,0,0,0,1.0,1.0,0.13,-1.0,-1.0,292,250,38,9,1,4,18,11,5,4,1,0,201,4,12,14,7,3,0,2,2,0,0,0,0,0,0,0,0,23,16,12,10,1,10,12,83.3,2,18,5,13,5,28,27,0,34,418,76,164,147,112,22,418,17,6,35.3,6,35.3,196,1178,591,13,8,3,9,7,198,21,5,0,0,16,10,4,18,5,16,0,0,0,44,16,12,57.1,2022
2023-01-15,16:30,Matchweek 20,Sun,Home,L,0,2,Tottenham,411,514,80.0,7517,2267,170,194,87.6,200,225,88.9,38,79,48.1,0,1.3,1.0,13,32,10,3,32,0,17,7,41.2,0.0,0.0,16.3,1,0,0,1.6,1.6,0.09,-1.6,-1.6,514,458,55,16,3,4,22,28,4,2,1,0,411,1,12,29,23,0,0,3,2,1,0,0,0,0,0,0,0,17,11,13,2,2,10,16,62.5,6,10,4,6,11,28,21,2,51,621,87,230,252,142,25,621,12,7,58.3,3,25.0,422,1900,941,16,9,5,16,10,411,32,4,0,0,16,13,1,22,11,11,0,0,1,51,21,13,61.8,2022
2023-01-22,16:30,Matchweek 21,Sun,Away,L,2,3,Manchester Utd,324,427,75.9,5134,1639,169,194,87.1,125,147,85.0,22,61,36.1,1,0.1,0.4,3,20,3,0,19,2,6,4,66.7,0.33,0.5,18.2,0,0,0,0.4,0.4,0.06,1.6,1.6,427,383,40,9,1,2,9,17,4,4,0,0,324,4,7,11,8,0,2,1,0,0,4,3,0,1,0,0,0,21,11,14,5,2,8,19,42.1,11,23,13,10,16,37,36,0,43,569,114,247,221,106,12,569,17,7,41.2,10,58.8,231,1317,594,10,12,2,17,11,322,19,2,0,0,9,8,4,9,16,11,0,0,0,57,16,11,59.3,2022
2023-02-04,12:30,Matchweek 22,Sat,Home,W,1,0,Everton,202,298,67.8,4184,1965,92,113,81.4,62,85,72.9,39,75,52.0,1,1.6,1.2,10,22,7,4,22,1,12,4,33.3,0.08,0.25,16.4,0,0,0,1.7,1.7,0.14,-0.7,-0.7,298,248,47,8,1,1,24,17,7,7,0,0,202,3,9,20,14,4,1,0,0,1,2,1,1,0,0,0,0,18,11,11,5,2,9,21,42.9,12,16,6,10,11,29,22,0,30,404,63,167,127,117,17,404,16,7,43.8,9,56.3,172,1185,617,15,9,1,12,5,198,22,4,0,0,13,7,3,24,11,11,0,0,0,50,17,12,58.6,2022
2023-02-11,15:00,Matchweek 23,Sat,Away,D,1,1,Brentford,192,294,65.3,4051,2423,92,123,74.8,53,75,70.7,40,76,52.6,1,2.0,1.7,9,18,7,1,26,1,9,2,22.2,0.11,0.5,12.9,0,0,0,2.0,2.0,0.22,-1.0,-1.0,294,254,39,10,0,2,14,12,4,1,3,0,192,1,6,17,14,3,0,0,0,0,2,2,0,0,0,0,0,12,8,7,3,2,4,17,23.5,13,16,6,10,6,18,37,0,31,410,88,167,120,123,35,410,9,5,55.6,4,44.4,141,853,374,6,6,2,7,6,189,26,2,0,0,9,9,1,14,6,8,0,0,0,41,32,13,71.1,2022
2023-02-15,19:30,Matchweek 12,Wed,Away,W,3,1,Manchester City,236,336,70.2,4568,1647,97,119,81.5,108,130,83.1,26,68,38.2,2,1.2,0.8,6,13,5,1,22,3,9,5,55.6,0.33,0.6,12.1,0,0,0,1.8,1.8,0.21,1.2,1.2,336,290,43,11,1,4,9,18,2,1,0,0,236,3,5,13,6,3,0,2,2,0,4,4,0,0,0,0,0,17,12,7,9,1,7,13,53.8,6,12,5,7,11,28,14,0,37,435,57,160,179,103,17,435,21,9,42.9,7,33.3,234,1290,560,13,12,3,13,6,234,22,4,0,0,15,10,3,9,11,12,0,1,0,51,14,11,56.0,2022
2023-02-18,12:30,Matchweek 24,Sat,Home,L,2,4,Aston Villa,239,316,75.6,4391,1883,101,121,83.5,103,115,89.6,28,65,43.1,2,0.5,0.2,6,18,4,1,20,2,7,5,71.4,0.29,0.4,23.3,1,0,0,0.5,0.5,0.07,1.5,1.5,316,280,36,5,1,0,9,12,2,1,1,0,239,0,7,14,10,0,2,0,1,1,4,3,0,0,0,0,1,25,18,13,11,1,14,24,58.3,10,27,7,20,13,38,30,2,33,450,91,225,176,56,11,450,20,11,55.0,5,25.0,228,1300,706,16,8,5,14,13,235,20,2,0,0,13,3,0,9,13,18,0,0,1,35,11,13,45.8,2022
2023-02-25,15:00,Matchweek 25,Sat,Home,L,0,1,Leicester City,235,352,66.8,3987,1701,110,143,76.9,110,140,78.6,14,52,26.9,0,0.0,0.3,1,18,1,0,18,0,1,0,0.0,0.0,,29.4,0,0,0,0.0,0.0,0.02,0.0,0.0,352,305,43,12,1,1,10,20,0,0,0,0,235,4,10,1,1,0,0,0,0,0,0,0,0,0,0,0,0,12,8,6,5,1,3,13,23.1,10,24,5,19,6,18,21,0,35,459,68,192,194,84,14,459,16,12,75.0,3,18.8,215,1274,577,15,7,9,14,8,234,18,0,0,0,14,9,4,10,6,8,0,0,0,55,16,18,47.1,2022
2023-03-01,19:45,Matchweek 7,Wed,Away,L,0,4,Everton,197,296,66.6,3588,1483,89,110,80.9,74,95,77.9,25,67,37.3,0,0.7,0.5,5,15,2,1,14,0,8,5,62.5,0.0,0.0,14.9,0,0,0,1.2,1.2,0.15,-1.2,-1.2,296,257,37,8,0,4,6,11,1,1,0,0,197,2,8,11,9,0,1,1,0,0,0,0,0,0,0,0,0,12,8,7,4,1,1,7,14.3,6,17,5,12,12,24,26,1,27,396,64,181,158,65,11,396,12,10,83.3,2,16.7,165,950,406,13,5,4,19,5,194,14,2,0,0,12,5,2,6,12,8,0,0,0,55,15,11,57.7,2022
2023-03-04,15:00,Matchweek 26,Sat,Away,L,2,3,Bournemouth,119,207,57.5,2263,1291,53,71,74.6,41,62,66.1,18,59,30.5,1,0.8,0.8,3,9,2,0,14,2,4,4,100.0,0.5,0.5,8.1,0,0,0,1.3,1.3,0.33,0.7,0.7,207,170,37,6,3,2,7,11,1,1,0,0,119,0,5,8,5,2,0,0,1,0,4,1,2,0,0,1,0,16,12,14,2,0,7,23,30.4,16,25,12,13,12,28,62,0,21,383,144,245,101,41,7,383,20,4,20.0,13,65.0,141,868,387,7,7,2,12,4,118,14,2,0,0,8,6,0,7,12,12,0,0,0,44,15,19,44.1,2022
2023-03-12,14:00,Matchweek 27,Sun,Home,L,0,3,Fulham,385,479,80.4,6958,2435,157,180,87.2,178,204,87.3,40,77,51.9,0,0.6,0.4,8,34,4,3,27,0,12,2,16.7,0.0,0.0,17.4,0,0,0,0.8,0.8,0.07,-0.8,-0.8,479,432,45,10,0,5,16,22,4,2,2,0,385,2,7,20,12,2,2,3,1,0,0,0,0,0,0,0,0,14,8,9,3,2,4,18,22.2,14,16,4,12,7,21,12,1,45,570,67,191,248,135,18,570,22,10,45.5,11,50.0,326,1576,726,9,10,0,10,9,381,27,0,0,0,10,9,2,16,7,8,0,0,0,51,16,11,59.3,2022
2023-03-19,14:00,Matchweek 28,Sun,Away,L,1,4,Crystal Palace,299,389,76.9,5319,2091,121,138,87.7,137,159,86.2,33,67,49.3,0,0.4,0.6,7,22,5,1,29,1,9,5,55.6,0.11,0.2,14.6,1,0,0,0.8,0.8,0.09,0.2,0.2,389,344,43,9,1,1,11,14,4,2,1,0,299,2,12,15,11,2,0,0,2,0,2,1,1,0,0,0,0,18,10,11,6,1,10,17,58.8,7,14,5,9,18,36,34,0,38,513,97,226,198,93,20,513,13,4,30.8,8,61.5,321,1463,530,13,10,6,15,7,298,29,1,0,0,10,8,2,11,18,10,0,0,0,46,11,18,37.9,2022
2023-04-01,15:00,Matchweek 29,Sat,Away,L,1,4,Leeds United,236,339,69.6,3982,1584,131,157,83.4,78,99,78.8,22,59,37.3,0,0.6,0.3,5,23,4,1,26,1,7,5,71.4,0.14,0.2,14.3,0,0,0,0.7,0.7,0.1,0.3,0.3,339,289,49,16,1,3,10,20,3,1,2,0,236,1,11,10,8,1,1,0,0,0,0,0,0,0,0,0,0,21,12,15,1,5,13,26,50.0,13,17,6,11,13,34,14,1,34,449,40,162,187,106,15,449,15,6,40.0,6,40.0,224,1182,575,9,7,4,7,9,234,26,2,0,0,13,11,1,10,13,12,0,1,0,45,12,20,37.5,2022
2023-04-09,16:30,Matchweek 30,Sun,Home,D,2,2,Liverpool,456,568,80.3,8309,3352,204,227,89.9,186,220,84.5,52,85,61.2,1,2.7,2.5,16,37,20,4,53,2,20,6,30.0,0.1,0.33,14.0,0,0,1,3.9,3.1,0.16,-1.9,-1.1,568,526,40,12,2,4,24,13,5,3,2,0,456,2,11,37,30,0,1,1,1,4,3,1,0,1,1,0,0,22,12,11,6,5,13,30,43.3,17,9,2,7,11,33,12,1,59,686,79,229,260,205,51,685,15,4,26.7,8,53.3,315,1706,818,20,15,10,19,13,452,53,4,0,0,11,10,2,24,11,12,1,0,0,61,14,13,51.9,2022
2023-04-16,14:00,Matchweek 31,Sun,Home,D,2,2,West Ham,180,278,64.7,3561,1651,73,91,80.2,70,98,71.4,31,64,48.4,1,0.9,0.7,11,19,4,2,20,2,15,2,13.3,0.07,0.5,14.8,1,1,1,1.8,1.0,0.07,0.2,0.0,278,226,48,7,2,0,20,26,7,3,4,0,180,4,9,29,12,8,2,4,3,0,3,2,0,0,0,1,0,17,8,6,7,4,10,21,47.6,11,6,1,5,15,32,14,0,30,381,41,119,144,125,24,380,16,6,37.5,8,50.0,172,948,437,11,4,5,10,5,177,20,1,0,0,11,8,4,20,15,8,1,1,0,47,23,19,54.8,2022
2023-04-21,20:00,Matchweek 32,Fri,Away,D,3,3,Southampton,162,257,63.0,3043,1332,81,101,80.2,57,71,80.3,21,74,28.4,2,1.1,0.5,4,12,3,1,8,3,8,6,75.0,0.38,0.5,12.4,0,0,0,1.3,1.3,0.17,1.7,1.7,257,210,45,10,1,1,6,11,2,0,2,0,162,2,5,11,6,1,1,3,0,0,3,2,0,0,1,0,0,22,15,20,2,0,12,23,52.2,11,19,9,10,15,37,44,0,26,405,119,223,127,58,10,405,19,12,63.2,6,31.6,165,979,463,8,9,1,10,11,161,8,5,0,0,14,10,2,6,15,15,0,0,0,55,11,15,42.3,2022
2023-04-26,20:00,Matchweek 33,Wed,Home,W,4,1,Manchester City,436,516,84.5,7699,2600,196,209,93.8,189,218,86.7,42,68,61.8,4,2.5,1.0,13,18,7,0,34,4,14,9,64.3,0.29,0.44,15.9,0,0,0,2.5,2.5,0.18,1.5,1.5,516,477,39,14,5,2,5,13,1,0,0,1,436,0,7,24,16,2,4,1,1,0,7,5,1,0,0,1,0,11,8,7,4,0,3,12,25.0,9,7,2,5,9,20,8,0,52,590,74,236,260,99,21,590,14,7,50.0,4,28.6,329,1853,1013,24,12,5,12,6,424,33,3,0,0,13,13,0,5,9,8,0,0,0,42,15,12,55.6,2022
2023-05-02,20:00,Matchweek 34,Tue,Away,L,1,3,Chelsea,395,477,82.8,6525,2217,195,218,89.4,163,183,89.1,26,51,51.0,1,0.7,0.9,6,18,7,0,25,1,7,4,57.1,0.14,0.25,17.2,0,0,0,0.8,0.8,0.11,0.2,0.2,477,443,34,11,3,2,11,10,2,2,0,0,395,0,8,12,9,1,1,0,1,0,2,2,0,0,0,0,0,15,11,11,3,1,6,12,50.0,6,13,4,9,7,22,25,1,45,583,95,236,260,95,22,583,15,9,60.0,4,26.7,341,1693,794,14,12,5,12,8,394,25,2,0,0,10,10,0,11,7,11,0,0,0,48,18,12,60.0,2022
2023-05-07,16:30,Matchweek 35,Sun,Home,L,0,2,Newcastle Utd,350,449,78.0,6093,1979,153,174,87.9,151,179,84.4,32,65,49.2,0,1.3,1.2,12,26,9,2,38,0,12,5,41.7,0.0,0.0,14.8,0,0,0,1.3,1.3,0.11,-1.3,-1.3,449,391,58,14,1,3,21,26,9,2,5,0,350,0,11,23,16,4,0,1,2,0,0,0,0,0,0,0,0,18,9,10,7,1,7,13,53.8,6,7,2,5,8,26,10,0,55,558,51,178,224,161,34,558,25,12,48.0,10,40.0,268,1640,1053,22,12,9,13,13,346,38,2,0,0,16,11,0,21,8,9,0,0,1,50,17,12,58.6,2022
2023-05-14,16:30,Matchweek 36,Sun,Away,W,3,0,Brighton,459,560,82.0,7775,2835,238,268,88.8,185,212,87.3,33,59,55.9,2,1.2,0.7,8,26,2,0,17,3,12,6,50.0,0.25,0.5,18.3,0,0,0,1.7,1.7,0.14,1.3,1.3,560,516,40,13,1,0,5,15,2,2,0,0,459,4,11,19,15,0,3,1,0,0,3,2,0,0,1,0,0,15,9,9,4,2,4,12,33.3,8,12,4,8,8,23,13,1,59,658,107,284,289,94,18,658,27,13,48.1,12,44.4,395,2031,887,16,15,5,8,8,446,16,2,0,0,17,13,4,5,8,9,0,0,0,49,11,7,61.1,2022
2023-05-20,17:30,Matchweek 37,Sat,Home,W,1,0,Nott'ham Forest,84,183,45.9,1780,1146,35,50,70.0,21,39,53.8,20,70,28.6,0,0.3,0.2,4,10,0,0,10,1,6,2,33.3,0.17,0.5,13.5,0,0,0,0.6,0.6,0.09,0.4,0.4,183,139,43,13,0,0,7,14,3,3,0,0,84,1,6,8,5,2,1,0,0,0,0,0,0,0,0,0,0,18,12,13,2,3,7,12,58.3,5,12,1,11,12,30,24,0,19,297,67,157,79,63,13,297,14,7,50.0,4,28.6,123,732,326,7,3,2,13,4,83,10,3,0,0,11,10,1,7,12,12,0,0,0,46,9,26,25.7,2022
2023-05-28,16:30,Matchweek 38,Sun,Away,L,0,5,Wolves,404,468,86.3,7150,2235,174,181,96.1,194,214,90.7,31,57,54.4,0,0.4,0.6,5,24,3,1,22,0,6,0,0.0,0.0,,14.7,1,0,0,0.5,0.5,0.08,-0.5,-0.5,468,431,37,8,0,2,15,14,4,1,3,0,404,0,10,12,7,2,0,0,3,0,0,0,0,0,0,0,0,9,4,4,5,0,4,15,26.7,11,7,2,5,2,11,23,2,49,553,75,233,238,89,12,553,29,16,55.2,8,27.6,292,1752,865,13,7,3,10,9,400,22,0,0,0,11,8,0,15,2,4,0,0,0,34,12,11,52.2,2022
2023-08-12,12:30,Matchweek 1,Sat,Away,L,1,2,Nott'ham Forest,154,228,67.5,3239,1786,57,76,75.0,68,83,81.9,25,53,47.2,1,1.2,0.9,5,15,5,0,14,1,6,2,33.3,0.17,0.5,17.3,0,0,0,1.2,1.2,0.2,-0.2,-0.2,228,193,34,14,1,0,6,9,3,2,1,0,154,1,5,10,7,1,1,0,1,0,2,2,0,0,0,0,0,17,10,13,3,1,8,12,66.7,4,10,5,5,8,25,18,0,22,336,61,160,126,54,12,336,18,7,38.9,8,44.4,159,959,579,11,8,2,11,11,151,14,2,0,0,12,12,1,6,8,10,0,0,0,34,20,12,62.5,2023
2023-08-21,20:00,Matchweek 2,Mon,Home,L,0,1,Crystal Palace,392,471,83.2,7105,2205,185,200,92.5,163,187,87.2,39,67,58.2,0,0.7,0.8,10,40,7,1,46,0,14,2,14.3,0.0,0.0,16.4,1,0,0,1.0,1.0,0.07,-1.0,-1.0,471,434,37,11,2,4,21,17,1,1,0,0,392,0,7,25,16,1,1,3,2,2,0,0,0,0,0,0,0,14,10,7,4,3,6,12,50.0,6,7,4,3,5,19,19,0,47,574,63,187,200,192,28,574,24,10,41.7,9,37.5,317,1538,831,17,10,7,14,5,388,45,2,0,0,14,10,0,21,5,10,0,1,0,43,14,13,51.9,2023
2023-08-26,15:00,Matchweek 3,Sat,Away,D,2,2,Fulham,211,299,70.6,3997,1852,94,116,81.0,88,109,80.7,28,62,45.2,1,0.4,0.3,4,15,3,1,14,2,8,3,37.5,0.25,0.67,17.8,0,0,0,0.6,0.6,0.07,1.4,1.4,299,267,31,10,3,0,11,6,3,1,2,0,211,1,12,9,4,2,0,2,0,1,1,0,1,0,0,0,0,18,10,12,6,0,10,25,40.0,15,12,4,8,6,24,37,0,29,415,97,222,146,49,10,415,7,1,14.3,5,71.4,180,849,445,8,7,4,11,9,210,13,6,1,1,5,5,1,11,6,10,0,1,0,50,14,9,60.9,2023
2023-09-03,16:30,Matchweek 4,Sun,Away,L,1,3,Manchester Utd,406,481,84.4,6852,2209,201,221,91.0,159,175,90.9,35,59,59.3,1,0.8,0.6,8,20,3,0,22,1,10,2,20.0,0.1,0.5,16.5,0,0,0,0.9,0.9,0.09,0.1,0.1,481,441,39,10,0,4,3,14,3,1,1,0,406,1,8,16,11,0,2,2,0,1,2,1,0,0,0,0,1,15,6,8,6,1,10,22,45.5,12,21,8,13,8,23,28,0,45,589,85,264,249,82,17,589,12,4,33.3,6,50.0,358,1826,1046,17,8,8,12,5,400,21,3,0,0,7,8,1,3,8,6,0,0,0,41,13,13,50.0,2023
2023-09-17,16:30,Matchweek 5,Sun,Home,L,0,1,Everton,170,255,66.7,3261,1418,70,89,78.7,76,92,82.6,20,62,32.3,0,0.3,0.1,8,13,3,1,10,0,8,1,12.5,0.0,0.0,21.6,0,0,0,0.3,0.3,0.04,-0.3,-0.3,255,218,36,13,0,1,5,11,1,1,0,0,170,1,5,15,12,0,0,0,0,3,0,0,0,0,0,0,0,19,13,13,3,3,7,17,41.2,10,13,6,7,10,29,17,0,26,348,81,171,117,63,9,348,8,3,37.5,4,50.0,188,810,411,6,1,2,7,5,166,10,1,0,0,12,8,1,5,10,13,0,0,0,41,10,9,52.6,2023
2023-09-24,14:00,Matchweek 6,Sun,Away,D,2,2,Tottenham,404,485,83.3,6459,2182,216,231,93.5,153,175,87.4,24,49,49.0,2,1.1,1.0,8,28,6,0,27,2,13,5,38.5,0.15,0.4,16.0,0,0,0,1.4,1.4,0.11,0.6,0.6,485,432,50,14,2,0,10,17,4,0,4,0,404,3,12,22,17,0,1,1,1,2,4,2,0,1,0,0,1,28,15,14,11,3,9,17,52.9,8,7,3,4,6,34,22,2,53,588,108,278,223,96,20,588,18,6,33.3,11,61.1,338,1953,902,15,8,7,9,13,401,27,4,0,0,19,11,3,10,6,15,0,1,1,49,8,14,36.4,2023
2023-09-30,15:00,Matchweek 7,Sat,Home,L,0,4,Bournemouth,336,426,78.9,5523,1929,173,186,93.0,123,140,87.9,31,68,45.6,0,0.4,0.8,6,37,6,0,29,0,8,1,12.5,0.0,0.0,14.1,0,0,0,0.6,0.6,0.08,-0.6,-0.6,426,382,42,10,0,0,15,17,6,6,0,0,336,2,14,15,12,1,0,1,0,1,0,0,0,0,0,0,0,16,9,8,5,3,5,15,33.3,10,13,4,9,9,25,6,1,43,533,43,140,230,176,27,533,35,14,40.0,19,54.3,350,2113,1036,22,18,7,9,9,333,29,0,0,0,11,7,2,15,9,9,0,2,0,45,6,9,40.0,2023
2023-10-08,16:30,Matchweek 8,Sun,Away,L,0,1,Manchester City,468,549,85.2,7781,2418,225,247,91.1,193,208,92.8,34,60,56.7,0,0.5,0.6,4,24,5,0,28,0,4,0,0.0,0.0,,14.9,0,0,0,0.5,0.5,0.12,-0.5,-0.5,549,515,34,10,1,2,10,13,4,4,0,0,468,0,14,7,6,1,0,0,0,0,0,0,0,0,0,0,0,22,12,12,4,6,11,18,61.1,7,10,3,7,5,27,16,0,51,638,72,229,311,103,14,638,20,8,40.0,10,50.0,391,1764,1061,14,13,2,12,10,460,27,3,0,0,7,8,0,10,5,12,0,0,0,43,8,5,61.5,2023
2023-10-21,17:30,Matchweek 9,Sat,Home,D,2,2,Chelsea,386,475,81.3,6517,2003,187,206,90.8,155,173,89.6,32,69,46.4,1,0.4,0.7,8,17,5,1,20,2,10,4,40.0,0.1,0.25,20.4,0,1,1,1.3,0.6,0.06,0.7,0.4,475,430,43,14,0,1,8,18,2,2,0,0,386,2,8,16,10,0,1,2,0,3,2,1,0,0,1,0,0,17,10,16,1,0,9,15,60.0,6,11,5,6,9,26,18,1,44,580,67,266,228,93,24,579,14,4,28.6,7,50.0,343,1461,730,17,6,6,16,12,382,20,3,0,0,7,13,2,8,9,10,0,0,0,59,15,15,50.0,2023
2023-10-28,15:00,Matchweek 10,Sat,Away,L,0,5,Sheffield Utd,256,345,74.2,4451,1563,129,151,85.4,98,116,84.5,25,60,41.7,0,0.0,0.1,2,11,1,0,12,0,2,0,0.0,0.0,,39.9,0,0,0,0.0,0.0,0.02,0.0,0.0,345,307,37,10,0,1,5,12,1,1,0,0,256,1,6,4,4,0,0,0,0,0,0,0,0,0,0,0,0,20,13,11,8,1,5,11,45.5,6,12,4,8,8,28,20,1,33,446,74,239,159,52,6,446,10,3,30.0,6,60.0,217,1035,361,8,4,2,12,4,256,12,3,0,0,13,9,1,5,8,13,0,1,0,40,10,11,47.6,2023
2023-11-04,17:30,Matchweek 11,Sat,Home,W,1,0,Newcastle Utd,295,378,78.0,5002,1889,145,156,92.9,106,126,84.1,32,65,49.2,1,1.2,0.8,9,17,7,2,27,1,9,1,11.1,0.11,1.0,18.6,0,0,0,1.0,1.0,0.14,0.0,0.0,378,334,42,10,0,1,10,21,0,0,0,0,295,2,13,17,13,0,1,3,0,0,1,0,0,0,1,0,0,18,11,10,7,1,8,15,53.3,7,13,8,5,7,25,26,0,42,494,70,186,207,106,16,494,9,7,77.8,2,22.2,304,1458,575,7,12,2,17,9,292,26,5,0,0,14,9,2,10,7,11,0,0,0,35,13,14,48.1,2023
2023-11-11,15:00,Matchweek 12,Sat,Away,L,1,3,Burnley,282,364,77.5,5552,1757,113,136,83.1,129,144,89.6,39,70,55.7,0,0.2,0.3,6,19,1,1,24,1,8,5,62.5,0.13,0.2,19.3,0,0,0,0.3,0.3,0.04,0.7,0.7,364,319,43,11,0,1,8,17,3,1,1,0,282,2,9,12,10,1,1,0,0,0,2,1,0,1,0,0,0,13,8,10,2,1,6,11,54.5,5,10,4,6,10,23,30,0,37,477,93,192,191,96,12,477,15,3,20.0,11,73.3,277,1535,804,12,11,3,7,6,279,24,1,0,0,9,7,2,8,10,8,0,0,0,24,22,28,44.0,2023
2023-11-25,17:30,Matchweek 13,Sat,Home,L,0,1,Brentford,211,331,63.7,3824,1607,102,134,76.1,81,110,73.6,25,68,36.8,0,0.9,0.6,7,23,2,1,25,0,9,1,11.1,0.0,0.0,13.9,0,0,0,1.1,1.1,0.14,-1.1,-1.1,331,283,46,10,2,0,9,21,1,1,0,0,211,2,8,16,12,1,0,3,0,0,0,0,0,0,0,0,0,14,9,9,4,1,6,11,54.5,5,11,4,7,11,25,36,1,37,445,76,171,182,97,16,445,9,4,44.4,4,44.4,206,900,367,6,10,3,12,4,210,25,1,0,0,9,6,2,9,11,9,0,0,0,48,23,20,53.5,2023
2023-12-02,15:00,Matchweek 14,Sat,Away,L,1,2,Wolves,398,500,79.6,6490,2083,208,223,93.3,147,179,82.1,32,70,45.7,1,0.6,0.6,4,27,4,1,17,1,6,3,50.0,0.17,0.33,10.8,0,0,0,0.7,0.7,0.12,0.3,0.3,500,462,38,13,3,5,8,12,0,0,0,0,398,0,8,10,5,1,2,0,1,1,1,0,0,0,0,0,1,18,10,11,4,3,10,13,76.9,3,15,5,10,8,26,17,2,43,601,80,274,242,89,12,601,18,9,50.0,7,38.9,350,1594,752,12,8,3,13,10,396,17,2,0,0,10,9,0,8,8,10,0,0,0,45,11,9,55.0,2023
2023-12-05,20:15,Matchweek 15,Tue,Home,L,3,4,Luton Town,207,323,64.1,4251,1925,78,99,78.8,93,118,78.8,32,85,37.6,3,0.5,0.3,5,21,1,0,19,3,6,4,66.7,0.5,0.75,18.8,0,0,0,0.5,0.5,0.08,2.5,2.5,323,282,40,11,2,2,12,13,3,1,2,0,207,1,8,9,4,2,1,1,0,1,6,2,2,1,1,0,0,20,12,9,8,3,9,17,52.9,8,14,8,6,8,28,37,0,34,456,87,218,173,77,7,456,26,16,61.5,8,30.8,199,1045,475,11,7,3,14,5,201,18,2,0,0,14,7,1,12,8,12,0,0,0,51,19,19,50.0,2023
2023-12-09,17:30,Matchweek 16,Sat,Home,W,1,0,Aston Villa,228,320,71.3,4646,1883,73,92,79.3,123,144,85.4,31,79,39.2,1,0.5,0.5,6,20,2,0,18,1,10,3,30.0,0.1,0.33,20.8,1,0,0,0.6,0.6,0.06,0.4,0.4,320,275,44,14,0,4,9,18,3,3,0,0,228,1,4,14,11,0,0,1,1,1,2,2,0,0,0,0,0,31,17,14,12,5,13,20,65.0,7,8,4,4,13,44,26,0,39,453,88,201,159,97,14,453,20,4,20.0,13,65.0,228,1262,637,12,5,5,11,18,225,17,4,0,0,16,10,1,9,13,17,0,0,0,46,4,8,33.3,2023
2023-12-17,14:00,Matchweek 17,Sun,Away,L,0,2,Brighton,511,576,88.7,7891,2452,267,279,95.7,201,222,90.5,26,48,54.2,0,0.7,0.4,6,33,6,1,28,0,6,1,16.7,0.0,0.0,16.9,0,0,0,0.7,0.7,0.11,-0.7,-0.7,576,539,36,12,1,1,10,11,1,1,0,0,511,1,5,12,12,0,0,0,0,0,0,0,0,0,0,0,0,18,7,12,6,0,5,16,31.3,11,20,10,10,3,21,20,1,51,678,135,330,252,101,13,678,11,4,36.4,6,54.5,356,1729,839,19,7,5,17,6,505,27,3,0,0,9,10,1,10,3,7,0,0,0,31,10,8,55.6,2023
2023-12-23,17:30,Matchweek 18,Sat,Home,D,1,1,Liverpool,386,495,78.0,6956,2605,166,198,83.8,185,215,86.0,32,68,47.1,1,0.9,0.6,12,33,8,1,42,1,13,3,23.1,0.08,0.33,20.1,1,0,0,1.0,1.0,0.07,0.0,0.0,495,441,53,14,3,1,19,27,4,1,3,0,386,1,8,24,18,2,1,1,1,1,2,1,0,1,0,0,0,34,21,15,14,5,14,24,58.3,10,15,5,10,5,39,18,0,52,608,63,205,287,128,26,608,15,6,40.0,6,40.0,333,2161,1182,20,16,5,19,14,380,42,2,0,0,13,13,1,19,5,21,0,0,0,54,15,4,78.9,2023
2023-12-28,20:15,Matchweek 19,Thu,Away,W,2,0,West Ham,196,292,67.1,3513,1582,101,113,89.4,69,93,74.2,23,69,33.3,2,0.5,0.6,2,7,1,0,10,2,5,2,40.0,0.4,1.0,17.4,0,0,1,1.4,0.6,0.13,0.6,1.4,292,247,44,7,3,1,8,17,3,1,2,0,196,1,10,8,4,2,1,0,1,0,4,3,1,0,0,0,0,24,11,21,2,1,14,19,73.7,5,20,10,10,8,32,43,0,27,443,113,238,154,58,13,442,16,5,31.3,9,56.3,161,1155,547,6,5,2,12,11,194,9,0,0,0,8,7,1,8,8,11,1,0,0,43,12,17,41.4,2023
2023-12-31,14:00,Matchweek 20,Sun,Home,W,2,1,Fulham,355,446,79.6,6505,2377,159,179,88.8,137,154,89.0,46,78,59.0,1,0.7,0.4,10,24,7,2,28,2,15,4,26.7,0.13,0.5,18.2,1,0,0,1.2,1.2,0.08,0.8,0.8,446,403,39,9,3,3,19,10,5,1,4,0,355,4,10,22,11,2,2,5,1,1,3,2,0,0,1,0,0,15,6,9,5,1,8,14,57.1,6,9,3,6,17,32,23,1,40,550,69,184,268,106,20,550,14,7,50.0,6,42.9,330,1929,871,19,18,3,13,7,354,27,4,0,0,11,8,4,19,17,6,0,0,0,48,10,10,50.0,2023
2024-01-20,12:30,Matchweek 21,Sat,Away,L,0,5,Crystal Palace,294,393,74.8,4893,1708,141,164,86.0,116,137,84.7,23,63,36.5,0,0.2,0.2,7,20,2,0,20,0,12,5,41.7,0.0,0.0,24.4,2,0,0,0.3,0.3,0.03,-0.3,-0.3,393,346,45,11,0,2,16,12,7,4,0,1,294,2,9,19,9,4,0,3,3,0,0,0,0,0,0,0,0,11,4,7,4,0,3,9,33.3,6,11,7,4,6,17,28,0,40,497,75,183,232,89,10,497,25,13,52.0,11,44.0,250,1371,694,13,13,3,12,6,289,19,0,0,0,12,7,2,16,6,4,0,0,0,41,19,17,52.8,2023
2024-01-30,19:30,Matchweek 22,Tue,Home,L,1,2,Nott'ham Forest,215,301,71.4,3760,1574,94,113,83.2,85,114,74.6,26,55,47.3,1,0.4,0.4,5,10,4,2,15,1,9,3,33.3,0.11,0.33,18.7,0,0,0,0.5,0.5,0.05,0.5,0.5,301,259,41,10,0,2,13,16,2,2,0,0,215,1,4,15,12,1,1,0,1,0,2,2,0,0,0,0,0,15,7,12,3,0,8,15,53.3,7,16,9,7,15,30,47,1,27,433,109,223,152,63,13,433,11,5,45.5,6,54.5,201,862,409,6,6,2,8,10,213,15,0,0,0,6,7,1,13,15,7,0,0,0,32,20,18,52.6,2023
2024-02-04,16:30,Matchweek 23,Sun,Away,L,1,3,Liverpool,466,579,80.5,7454,2500,242,270,89.6,181,216,83.8,30,64,46.9,0,0.2,0.4,8,39,5,1,28,0,10,1,10.0,0.0,0.0,19.7,0,0,0,0.4,0.4,0.04,-0.4,-0.4,579,520,58,14,3,5,19,29,4,3,1,0,466,1,11,19,17,1,1,0,0,0,0,0,0,0,0,0,0,11,6,6,3,2,5,13,38.5,8,14,5,9,8,19,17,2,57,683,63,236,329,125,12,683,21,9,42.9,8,38.1,434,2209,1065,21,21,5,12,13,464,28,4,1,1,11,10,1,19,8,6,0,0,0,36,22,18,55.0,2023
2024-02-11,14:00,Matchweek 24,Sun,Home,L,0,6,West Ham,229,321,71.3,3870,1237,123,138,89.1,83,98,84.7,19,67,28.4,0,0.1,0.1,1,12,0,0,19,0,5,1,20.0,0.0,0.0,19.9,0,0,0,0.2,0.2,0.04,-0.2,-0.2,321,272,47,13,0,3,12,15,2,2,0,0,229,2,10,6,3,0,1,2,0,0,0,0,0,0,0,0,0,21,11,8,8,5,10,18,55.6,8,3,3,0,5,26,23,0,30,408,71,160,177,74,6,408,10,4,40.0,5,50.0,205,1214,535,9,7,3,12,7,225,19,4,0,0,17,11,2,12,5,11,0,1,0,33,11,12,47.8,2023
2024-02-17,15:00,Matchweek 25,Sat,Home,L,0,5,Burnley,252,351,71.8,4865,1798,89,106,84.0,131,152,86.2,26,69,37.7,0,0.3,0.3,6,15,4,3,21,0,8,0,0.0,0.0,,18.6,0,0,0,0.3,0.3,0.04,-0.3,-0.3,351,305,41,8,0,2,12,14,4,3,1,0,252,5,13,15,10,3,0,1,1,0,0,0,0,0,0,0,0,17,8,6,9,2,7,12,58.3,5,14,5,9,6,23,21,0,36,458,67,208,170,86,11,458,19,11,57.9,6,31.6,195,1218,557,11,11,3,14,9,249,21,2,0,0,11,8,5,12,6,8,0,1,0,43,8,20,28.6,2023
2024-02-24,20:00,Matchweek 26,Sat,Away,L,1,4,Newcastle Utd,394,492,80.1,7308,2040,160,179,89.4,188,206,91.3,41,80,51.3,1,0.2,0.6,3,17,6,1,22,1,3,2,66.7,0.33,0.5,14.5,0,0,0,0.2,0.2,0.05,0.8,0.8,492,443,47,17,3,2,7,16,0,0,0,0,394,2,13,5,4,0,1,0,0,0,2,2,0,0,0,0,0,11,5,6,5,0,7,11,63.6,4,10,5,5,5,16,24,1,45,574,103,279,222,76,9,574,13,7,53.8,5,38.5,330,1653,755,18,9,5,11,6,390,22,0,0,0,6,14,2,7,5,5,0,0,1,32,6,14,30.0,2023
2024-03-04,20:00,Matchweek 27,Mon,Home,L,0,6,Sheffield Utd,147,227,64.8,2780,1092,66,82,80.5,61,78,78.2,18,58,31.0,0,0.2,0.1,3,8,2,0,13,0,4,0,0.0,0.0,,21.8,0,0,0,0.2,0.2,0.06,-0.2,-0.2,227,196,29,9,0,0,4,7,0,0,0,0,147,2,4,6,4,0,2,0,0,0,0,0,0,0,0,0,0,14,7,12,2,0,5,15,33.3,10,11,8,3,14,28,33,1,20,328,75,188,107,38,6,328,7,2,28.6,5,71.4,134,779,357,5,6,2,9,2,147,13,1,0,0,11,4,2,4,14,7,0,0,1,36,7,10,41.2,2023
2024-03-09,17:30,Matchweek 28,Sat,Away,L,1,2,Brentford,138,254,54.3,3203,1837,53,84,63.1,52,76,68.4,32,77,41.6,0,0.6,0.6,7,13,3,0,13,1,9,4,44.4,0.11,0.25,17.1,0,0,0,1.0,1.0,0.11,0.0,0.0,254,205,47,9,1,2,11,14,4,3,1,0,138,2,9,15,10,3,0,2,0,0,0,0,0,0,0,0,0,13,6,9,4,0,8,17,47.1,9,11,6,5,8,21,32,0,29,359,80,169,124,67,8,359,2,0,0.0,2,100.0,139,560,190,4,5,0,14,6,138,13,4,0,0,10,9,2,11,8,6,0,0,0,30,22,19,53.7,2023
2024-03-31,16:30,Matchweek 30,Sun,Home,D,0,0,Manchester City,644,755,85.3,10236,2882,356,389,91.5,240,263,91.3,40,71,56.3,0,0.9,1.1,11,57,9,2,56,0,12,1,8.3,0.0,0.0,14.2,0,0,0,1.0,1.0,0.09,-1.0,-1.0,755,707,46,21,0,0,32,14,7,4,2,0,644,2,14,24,18,3,3,0,0,0,0,0,0,0,0,0,0,13,9,4,3,6,2,11,18.2,9,6,2,4,4,17,8,0,72,833,63,226,338,278,37,833,28,20,71.4,6,21.4,599,2957,1570,31,21,10,8,14,632,54,0,0,0,9,19,2,32,4,9,0,0,0,42,16,10,61.5,2023
2024-04-03,19:30,Matchweek 31,Wed,Away,L,0,2,Luton Town,373,473,78.9,6312,2237,179,196,91.3,131,160,81.9,43,81,53.1,0,0.2,0.5,3,27,8,4,24,0,5,1,20.0,0.0,0.0,15.9,1,0,0,0.3,0.3,0.07,-0.3,-0.3,473,431,41,12,0,5,22,18,1,1,0,0,373,1,9,10,9,0,0,0,1,0,0,0,0,0,0,0,0,17,13,11,5,1,8,15,53.3,7,12,8,4,9,26,12,1,42,555,73,205,248,105,14,555,5,3,60.0,1,20.0,365,2042,875,21,13,4,12,9,368,22,1,0,0,8,11,1,22,9,13,0,0,1,46,21,12,63.6,2023
2024-04-06,17:30,Matchweek 32,Sat,Home,L,0,3,Brighton,482,568,84.9,6887,2305,281,298,94.3,159,176,90.3,18,44,40.9,0,0.2,0.5,5,33,4,1,36,0,10,2,20.0,0.0,0.0,19.2,0,0,0,0.5,0.5,0.05,-0.5,-0.5,568,519,47,15,0,1,20,14,8,4,3,0,482,2,14,14,12,1,0,1,0,0,0,0,0,0,0,0,0,19,9,13,2,4,13,22,59.1,9,17,4,13,10,29,17,0,54,682,100,260,235,190,20,682,16,5,31.3,8,50.0,448,2072,1055,23,21,6,16,6,477,36,1,0,0,14,12,2,20,10,9,0,1,0,36,9,10,47.4,2023
2024-04-14,16:30,Matchweek 33,Sun,Away,W,2,0,Aston Villa,361,455,79.3,6154,2258,165,179,92.2,156,186,83.9,30,67,44.8,2,0.7,0.4,5,18,4,1,18,2,11,2,18.2,0.18,1.0,18.8,1,0,0,0.9,0.9,0.09,1.1,1.1,455,403,51,16,3,3,15,14,6,5,0,0,361,1,11,13,9,0,0,2,1,1,4,3,0,0,0,0,1,18,7,8,6,4,10,15,66.7,5,16,6,10,9,27,15,1,48,567,123,267,194,110,12,567,24,10,41.7,11,45.8,309,1649,739,17,12,4,11,10,356,18,1,0,0,7,12,1,15,9,7,0,0,0,43,6,12,33.3,2023
2024-04-20,19:30,Matchweek 34,Sat,Home,L,0,2,Wolves,394,485,81.2,6920,2059,177,197,89.8,183,204,89.7,27,65,41.5,0,0.0,0.1,2,13,2,0,26,0,5,3,60.0,0.0,0.0,20.1,0,0,0,0.2,0.2,0.03,-0.2,-0.2,485,450,34,11,0,4,6,8,1,1,0,0,394,1,5,6,6,0,0,0,0,0,0,0,0,0,0,0,0,23,15,13,8,2,7,12,58.3,5,21,9,12,1,24,23,0,46,581,110,280,249,55,6,581,9,4,44.4,4,44.4,317,1571,810,9,7,1,8,7,391,26,3,0,0,14,9,1,6,1,15,0,0,0,42,10,22,31.3,2023
2024-04-23,20:00,Matchweek 29,Tue,Away,L,0,5,Chelsea,567,653,86.8,8427,2498,314,343,91.5,216,252,85.7,25,41,61.0,0,1.6,0.5,6,34,5,1,34,0,7,1,14.3,0.0,0.0,13.0,1,0,0,1.6,1.6,0.24,-1.6,-1.6,653,616,37,14,0,2,15,6,2,2,0,0,567,0,3,11,6,1,1,2,1,0,0,0,0,0,0,0,0,13,5,9,3,1,6,12,50.0,6,14,10,4,7,20,16,3,55,743,97,277,343,129,23,743,16,8,50.0,7,43.8,502,2418,1114,18,11,7,11,15,564,34,2,0,0,11,12,0,15,7,5,0,0,0,53,11,12,47.8,2023
2024-04-28,14:00,Matchweek 35,Sun,Home,L,2,3,Tottenham,525,618,85.0,8052,2595,274,293,93.5,217,249,87.1,19,42,45.2,0,1.2,1.4,7,51,12,3,61,2,14,1,7.1,0.07,1.0,16.8,0,1,1,2.3,1.6,0.12,-0.3,-0.6,618,566,49,19,1,1,34,15,8,6,2,0,525,3,6,24,16,1,1,4,2,0,2,0,0,0,1,1,0,24,12,8,11,5,12,21,57.1,9,13,5,8,8,32,12,0,62,726,69,198,297,240,33,725,22,11,50.0,8,36.4,513,2641,1157,24,22,9,13,16,523,61,2,0,0,12,14,3,34,8,12,1,0,1,45,9,13,40.9,2023
2024-05-04,12:30,Matchweek 36,Sat,Away,L,0,3,Bournemouth,314,397,79.1,5974,2117,123,149,82.6,154,166,92.8,35,71,49.3,0,0.3,0.2,3,24,4,0,28,0,7,2,28.6,0.0,0.0,20.4,1,0,0,0.5,0.5,0.07,-0.5,-0.5,397,349,48,20,0,0,13,14,1,1,0,0,314,0,5,11,5,0,2,1,2,1,0,0,0,0,0,0,0,14,9,6,6,2,6,19,31.6,13,20,8,12,10,24,22,1,45,515,84,205,217,97,10,515,22,7,31.8,11,50.0,292,1697,765,11,14,4,16,7,309,27,3,0,0,12,15,0,13,10,9,0,1,0,40,19,15,55.9,2023
2024-05-12,16:30,Matchweek 37,Sun,Home,L,0,1,Manchester Utd,458,550,83.3,6570,2062,269,294,91.5,148,167,88.6,24,55,43.6,0,0.4,0.4,12,41,4,1,30,0,14,2,14.3,0.0,0.0,22.9,0,0,0,0.5,0.5,0.04,-0.5,-0.5,550,513,35,6,1,3,16,16,4,4,0,0,458,2,8,26,23,0,1,0,0,2,0,0,0,0,0,0,0,17,12,10,5,2,11,18,61.1,7,11,3,8,5,22,19,0,54,661,72,196,301,172,19,661,30,18,60.0,8,26.7,438,2638,1218,26,23,7,11,18,453,30,0,0,0,5,6,2,16,5,12,0,0,0,45,13,10,56.5,2023
2024-05-19,16:00,Matchweek 38,Sun,Away,L,1,2,Everton,230,330,69.7,3905,1664,121,140,86.4,73,95,76.8,26,58,44.8,0,0.2,0.2,2,13,2,0,14,1,5,2,40.0,0.2,0.5,20.3,2,0,0,0.6,0.6,0.13,0.4,0.4,330,286,40,7,1,3,3,19,1,0,1,0,230,4,15,9,4,0,1,1,2,1,2,0,0,0,0,1,1,17,11,14,3,0,3,8,37.5,5,21,10,11,5,22,29,2,32,437,100,217,159,63,5,437,13,10,76.9,2,15.4,177,1002,520,8,5,3,9,5,230,14,3,0,0,11,8,4,3,5,11,0,0,0,40,13,12,52.0,2023
